,okx/1INCH-USDT-SWAP,okx/AAVE-USDT-SWAP,okx/ADA-USDT-SWAP,okx/AGLD-USDT-SWAP,okx/ALGO-USDT-SWAP,okx/ALPHA-USDT-SWAP,okx/AVAX-USDT-SWAP,okx/AXS-USDT-SWAP,okx/BADGER-USDT-SWAP,okx/BAND-USDT-SWAP,okx/BAT-USDT-SWAP,okx/BNT-USDT-SWAP,okx/BSV-USDT-SWAP,okx/CELO-USDT-SWAP,okx/COMP-USDT-SWAP,okx/CRO-USDT-SWAP,okx/CRV-USDT-SWAP,okx/CSPR-USDT-SWAP,okx/CVC-USDT-SWAP,okx/DASH-USDT-SWAP,okx/DOGE-USDT-SWAP,okx/DOT-USDT-SWAP,okx/DYDX-USDT-SWAP,okx/EGLD-USDT-SWAP,okx/EOS-USDT-SWAP,okx/ETH-USDT-SWAP,okx/FIL-USDT-SWAP,okx/FLM-USDT-SWAP,okx/GALA-USDT-SWAP,okx/GODS-USDT-SWAP,okx/GRT-USDT-SWAP,okx/ICP-USDT-SWAP,okx/IMX-USDT-SWAP,okx/IOST-USDT-SWAP,okx/IOTA-USDT-SWAP,okx/KISHU-USDT-SWAP,okx/KSM-USDT-SWAP,okx/LINK-USDT-SWAP,okx/LPT-USDT-SWAP,okx/LRC-USDT-SWAP,okx/MANA-USDT-SWAP,okx/MINA-USDT-SWAP,okx/MKR-USDT-SWAP,okx/NEO-USDT-SWAP,okx/NFT-USDT-SWAP,okx/OMG-USDT-SWAP,okx/ONT-USDT-SWAP,okx/PERP-USDT-SWAP,okx/QTUM-USDT-SWAP,okx/REN-USDT-SWAP,okx/RSR-USDT-SWAP,okx/RVN-USDT-SWAP,okx/SAND-USDT-SWAP,okx/SHIB-USDT-SWAP,okx/SLP-USDT-SWAP,okx/SNX-USDT-SWAP,okx/STARL-USDT-SWAP,okx/STORJ-USDT-SWAP,okx/SUSHI-USDT-SWAP,okx/THETA-USDT-SWAP,okx/UMA-USDT-SWAP,okx/UNI-USDT-SWAP,okx/XCH-USDT-SWAP,okx/XLM-USDT-SWAP,okx/XTZ-USDT-SWAP,okx/YFI-USDT-SWAP,okx/YGG-USDT-SWAP,okx/ZEN-USDT-SWAP,okx/ZRX-USDT-SWAP
okx/1INCH-USDT-SWAP,1.0,0.9379399124446488,0.9839834690357574,0.828170797649773,0.9887160851560117,0.973832993641878,0.9607025759900536,0.9863860542481251,0.9851532784524153,0.9543679385578592,0.9910431111125723,0.9638731226413577,0.9709935418088566,0.9747293093387153,0.9641697448219018,0.9745670438723486,0.9620181246972631,0.9169448942728229,0.9689821413080818,0.9605010315138967,0.9214720493212335,0.9907048389875255,0.9227818459790371,0.9852950353791768,0.9772439002585892,0.8862243508697851,0.9835049600741063,0.959478644711617,0.9738256395449157,0.9085233053990737,0.9666430040583781,0.9744942749346411,0.9324662549181724,0.9567842423410577,0.9847495632842072,0.9700673269162452,0.9902360808622338,0.8623943369268708,0.9858974414685725,0.9622089876258244,0.9776811197535903,0.9766175585710668,0.832502460047091,0.9408495073196456,0.9870606381604619,0.9851503198666691,0.9757862742395804,0.9636703600829634,0.9733265287404457,0.9842340856275561,0.9757743844126452,0.9598906812839297,0.98776031088609,0.9746481890452688,0.9463323334678156,0.8919770200150042,0.9564534507358872,0.9575243265904024,0.9580720725159306,0.9843119174118887,0.9699790684382796,0.9447025621154207,0.9635469979682488,0.927181229767624,0.9825107103654178,0.943233173626032,0.9725136532298624,0.9907087757690807,0.9273800478800016
okx/AAVE-USDT-SWAP,0.9379399124446488,1.0,0.9531553435776323,0.889906558937528,0.9233775570668047,0.9289935017756777,0.9484221140876962,0.9238359882252832,0.9521885645275688,0.9276301906041851,0.9455032216923,0.9400029197125249,0.9249691408297336,0.9626326493384812,0.9537456233105484,0.939250128309756,0.94462379124496,0.8685213757848392,0.9453769184763033,0.923999568865671,0.9033938349056447,0.9523134117335085,0.9101945651849679,0.9298124414538125,0.9294544474570586,0.9084492624960975,0.9318457941047579,0.9097180376977122,0.9064189544399843,0.8160944764119941,0.9406782779032153,0.9368916701837376,0.8888800818910122,0.9434703468840598,0.9470115772474322,0.9352233517057118,0.9448172487168679,0.9117140342819022,0.94701917320383,0.8929139307804319,0.9237091124295036,0.9556761180043108,0.8628924905995503,0.9364206292322563,0.9291677416024043,0.933160481581854,0.9486234353053384,0.9100047174221635,0.9450014379690753,0.9359865901899024,0.8974210322988421,0.9277960555187985,0.937090485728664,0.9347138191894265,0.8746119950838447,0.9426152700460081,0.8889086897492495,0.946512491238626,0.94402566613935,0.9561170279922205,0.9226661713436888,0.9179175281672592,0.897968385667647,0.9224891032077938,0.9350407629978295,0.946933791560486,0.9132314746384769,0.9369754344475734,0.9478714696834886
okx/ADA-USDT-SWAP,0.9839834690357574,0.9531553435776323,1.0,0.8519668617537282,0.9709928115352652,0.956349449322261,0.9717028736204838,0.9734370255227118,0.9835404576506849,0.947931216473187,0.9854373513523942,0.9715236465797645,0.9666668440798344,0.9790746516282377,0.9563288729330806,0.9815337182584174,0.9540520980845971,0.9051983130036596,0.9756717513549081,0.9544405080040007,0.919068981304724,0.9889609371264346,0.9264018194284493,0.9731638763270795,0.9708462432242028,0.8998914593241252,0.9690555929481142,0.9457182065605645,0.9560886600247406,0.8700935769726039,0.9648050442099634,0.9764680745853112,0.9153839706416781,0.9693271514287953,0.9828923893296712,0.9714988966200626,0.9800398779715765,0.8871384315128928,0.9785028781120683,0.9311693514013668,0.9810366359924326,0.9796584185448973,0.8523626237605014,0.957731072756452,0.9784918334038902,0.9808099642469977,0.9813656892094378,0.9554813424019792,0.9728731759314002,0.972315635210531,0.952674618417217,0.9537509625359964,0.981299486793118,0.9695388673202061,0.9305283956601714,0.9201618583784357,0.9321918570647713,0.9605175145306025,0.9471438161364728,0.9853548021638373,0.9677470525107744,0.9257451231879895,0.9577020793498386,0.9385542811040606,0.9838026879074276,0.9542571446796417,0.9589905826132169,0.9776564393951706,0.9428679012253638
okx/AGLD-USDT-SWAP,0.828170797649773,0.889906558937528,0.8519668617537282,1.0,0.8099423889303898,0.8593204608735657,0.8860875699434655,0.8643643182432178,0.8615711392167769,0.8566504799086684,0.849160076180624,0.8967160999693915,0.8330915352188222,0.8604304993929625,0.8977734723699988,0.8668456346985876,0.8149356604877018,0.8511272484448822,0.8515322943763443,0.8189738888247504,0.8254342269356394,0.870227010994265,0.9023977566122245,0.8688956981076523,0.8024085371784937,0.9378104921741616,0.8746543625201076,0.7956762864383347,0.8579871688871368,0.7735576105572958,0.908403223736848,0.8503415755203029,0.852288345971014,0.8397853709687375,0.8598077466954296,0.8233860476053956,0.8545804265030141,0.8964900827014116,0.8589798698640586,0.831091170848487,0.8442990433002496,0.8784532822009179,0.9220676610411854,0.9106806242459609,0.8379062300008683,0.8037535027348531,0.8903257345015384,0.8575560924380662,0.900754268628376,0.8547817246457842,0.8004042276689326,0.7914981514350273,0.8434368361607708,0.8432414977659339,0.8502198861427122,0.8762170098132198,0.8385187124676996,0.8800172727614621,0.8259167068049862,0.871236095692188,0.8583807990937082,0.8040441486705491,0.8143713438201486,0.9135853701781839,0.8202124396004307,0.8470454350169399,0.8704719046981595,0.8666222447838031,0.8745052074102002
okx/ALGO-USDT-SWAP,0.9887160851560117,0.9233775570668047,0.9709928115352652,0.8099423889303898,1.0,0.9712763205828316,0.9416152932369223,0.9814334023399179,0.9755288208899703,0.945305208900039,0.9834893478676888,0.9510465336349687,0.9652034000774355,0.9666031748755819,0.961476580465244,0.9593116277641344,0.9696170428919375,0.9220084185738555,0.9450949012740419,0.9410815938012728,0.9126699352235429,0.9801455212303826,0.9169867231333511,0.9734904284002076,0.9590817122614037,0.8650170113612968,0.9787237884735212,0.9573412382886288,0.9717147975077989,0.9167768028161971,0.9596521159941098,0.974217958154363,0.9377674946957931,0.926758173669463,0.9853139571320786,0.966810576583929,0.9853450089646152,0.8684612856034469,0.9818049001111978,0.9620114263911729,0.9658368949507948,0.9678555038560978,0.8193665300854022,0.9164215795270259,0.9887038908809707,0.9653468944787911,0.9560304723299279,0.969952200987356,0.9521973601958749,0.9724291526157156,0.9807876555985376,0.9680811308064264,0.9858169124172032,0.9632560867890009,0.9332118881235018,0.8592590732138373,0.9642094158782694,0.9480425198405651,0.9729616279322479,0.9744101687966825,0.9577026777379535,0.9536721076176743,0.960042636303084,0.922222256201907,0.9692180066412541,0.942221128811635,0.9762127439519588,0.9813837695045665,0.9005391970511042
okx/ALPHA-USDT-SWAP,0.973832993641878,0.9289935017756777,0.956349449322261,0.8593204608735657,0.9712763205828316,1.0,0.9363583887958912,0.9839564868147909,0.9726018187427868,0.9502555229352965,0.9674566078406034,0.9462551351961939,0.9476020388728298,0.9528470534219365,0.9761335860530453,0.9455109677982518,0.9543404577215064,0.9608903238990357,0.927215400613766,0.930229930558792,0.9166519894320466,0.9711122125326851,0.9485718896854681,0.9713395021603618,0.9445527361341314,0.9211614462209027,0.9902495949311395,0.9520654790003373,0.9773898580320761,0.9405641729199266,0.9782339502699903,0.9593891447378255,0.9646912458149988,0.9188469058948413,0.9702710311936524,0.9460733443364543,0.9838060339801513,0.8702917074294543,0.9631015756051514,0.9812562738392038,0.9470046208786116,0.9690609500625966,0.8423170556898386,0.9316671856963433,0.9722417422581844,0.938941430455324,0.9609835839980918,0.9757921981107279,0.9643959464845604,0.9715307565788429,0.9759329116420182,0.9404970117235433,0.96949773178398,0.9578749301564029,0.9508004704096759,0.8788138281615889,0.971624202616518,0.9448339662819171,0.9551252733395752,0.9703817881843477,0.9462300494997087,0.9537822187175604,0.9561147482136962,0.9326358283399797,0.9404894482109047,0.9248827451233307,0.9798606688012965,0.9770046576650122,0.9102623500611162
okx/AVAX-USDT-SWAP,0.9607025759900536,0.9484221140876962,0.9717028736204838,0.8860875699434655,0.9416152932369223,0.9363583887958912,1.0,0.9587673125735314,0.9585559975838531,0.9542226286605597,0.9686374831708106,0.9771300465208211,0.9401641556158173,0.9750415707068536,0.9499522886883581,0.9863439882191433,0.9348562146721144,0.8868361868822503,0.9693703422718051,0.953240705233789,0.9273187443765267,0.9790298858549172,0.926880617032894,0.9699373003682116,0.9571952418199765,0.9230260035713368,0.9570569472803383,0.907641882949367,0.9506469833463669,0.8348889137439149,0.9623215504981556,0.9560192548271778,0.8766898600962706,0.9616126917954103,0.9711861360591416,0.9559871845652441,0.9568366423677602,0.881272531990467,0.9700623252294567,0.904943430599395,0.977486080100819,0.9714909571511079,0.8724177798766372,0.9679431698785014,0.9592825083404057,0.9637568677621076,0.9807466043366275,0.9362579825910152,0.964287416282124,0.9662532158296355,0.910015602734298,0.9257871043289718,0.9666328093705673,0.9724482337439694,0.9354768912116209,0.9224066604832496,0.909568165343822,0.940517088930303,0.9285368816086197,0.978686568321914,0.96951035082401,0.8951642724271942,0.9480439727441582,0.9300563214550897,0.9690654733739807,0.9604275884543179,0.9455181967490851,0.9619053150370792,0.9400569466353728
okx/AXS-USDT-SWAP,0.9863860542481251,0.9238359882252832,0.9734370255227118,0.8643643182432178,0.9814334023399179,0.9839564868147909,0.9587673125735314,1.0,0.9812206201123973,0.9532286908464168,0.9834514033528677,0.9642807482549449,0.9674964214965467,0.9617897426582269,0.9703263033104064,0.9718963436504009,0.9488670946791055,0.9381279850216725,0.9517402116924985,0.9432392319659303,0.9106736116187799,0.985472744458268,0.9436805286390095,0.9880753637146016,0.957980605988189,0.9094398772077474,0.9920494151217939,0.9555376946770149,0.9910911030165737,0.9319381305606891,0.9777930592427747,0.9688670920422596,0.949130606303794,0.9356499633148958,0.9848841482134582,0.9593118775476881,0.9866767273534842,0.8712697921895471,0.9799461794422895,0.9744036697049271,0.976561277716807,0.97197733763,0.8604313404885294,0.9450043366359212,0.9838378412174935,0.961516019385916,0.9746709868260424,0.9761791819091907,0.9773259797115091,0.9839223186549104,0.978896210315065,0.9459466726154643,0.9865946081386991,0.97215250477471,0.9695262293202983,0.8778366222080856,0.9762953557755991,0.957387823881391,0.9529478476637415,0.9822917990474666,0.9707270807126771,0.9448598409441251,0.9648008627519203,0.9419974619156504,0.9662369820381372,0.9308729174421653,0.9902804668220754,0.9920273790635226,0.9104354561579647
okx/BADGER-USDT-SWAP,0.9851532784524153,0.9521885645275688,0.9835404576506849,0.8615711392167769,0.9755288208899703,0.9726018187427868,0.9585559975838531,0.9812206201123973,1.0,0.9449071048916882,0.9797152858412755,0.9704528701936277,0.9682780985520808,0.9698530734809777,0.96759198118824,0.9722685792808688,0.9579009200677209,0.9187522816075095,0.9610556593717897,0.939740981060219,0.9197950201014227,0.9827034583098495,0.9408343208880835,0.9777200741089185,0.962124835392903,0.9106463259964385,0.9807266698336994,0.9517727317373001,0.9674181135622997,0.9134173651056163,0.9712799323638127,0.9682193517910936,0.9435706808749301,0.9471675432782641,0.9821699628925796,0.9640801995703447,0.9853242208128441,0.8970657591482029,0.9808854443313597,0.9540805645042097,0.9678541454667111,0.9767592419852787,0.867476032619046,0.946828885595839,0.9809040699420001,0.9659285441051059,0.9729489957556801,0.9685132106949667,0.9750822417028067,0.9722720208838995,0.9661508824816271,0.9524508083490321,0.980582107862027,0.9645851922636466,0.9412795972637391,0.9055810303297588,0.9594236687907342,0.9670334149571703,0.9562942419072401,0.9799505427564269,0.9569804441233795,0.939796805960519,0.9473715839539878,0.9409769342325845,0.9706173636057336,0.950116186367744,0.971575287331488,0.9839188182415421,0.9410330535160607
okx/BAND-USDT-SWAP,0.9543679385578592,0.9276301906041851,0.947931216473187,0.8566504799086684,0.945305208900039,0.9502555229352965,0.9542226286605597,0.9532286908464168,0.9449071048916882,1.0,0.9465537544739019,0.9476710404746213,0.9226868469866553,0.9520319746583931,0.9422898866403981,0.9448654122332605,0.9289631091697831,0.9226677673178946,0.9344708406280356,0.9622765148553242,0.955686265387845,0.9638250747846755,0.9461219111240626,0.9567421541858862,0.9408272299580994,0.9002693876304656,0.9625743019364483,0.9157250202730315,0.9462010359670721,0.8526712847400973,0.9598313257207544,0.9596422197325506,0.9003883298823744,0.9184391549226375,0.954338496673897,0.957408444102524,0.9515324797506992,0.8856085730716371,0.9511807953777442,0.9216293295683132,0.9487299137390227,0.9718697823363122,0.816315433225516,0.9491589474021931,0.9549694758991772,0.9418158597165609,0.9632105936105988,0.9484079155036904,0.9502112827594527,0.957227041116636,0.9276113983503953,0.9239951070669362,0.9484034677883302,0.961488441178005,0.9352269847648557,0.8771341377939466,0.9251205990203364,0.9164271776270431,0.9387925019402712,0.970034636887104,0.9462182088590091,0.9252671815822919,0.9478619590524918,0.8944436025518229,0.9349188788827788,0.9339432861052467,0.9470651374491317,0.952194441253083,0.9017358098506122
okx/BAT-USDT-SWAP,0.9910431111125723,0.9455032216923,0.9854373513523942,0.849160076180624,0.9834893478676888,0.9674566078406034,0.9686374831708106,0.9834514033528677,0.9797152858412755,0.9465537544739019,1.0,0.9635864067261786,0.974883167390482,0.9781672264640187,0.9658699840372241,0.9791169758312516,0.9645355606108745,0.9094775106843894,0.971600789806364,0.9524355326489461,0.910578741353089,0.9904923649543667,0.9244833610325384,0.9801804547773999,0.9691691790721995,0.8901409779876862,0.9782571886659566,0.9610823730315148,0.9709406862575078,0.8967300165027547,0.9684800626607925,0.9735137239961522,0.9298056529448822,0.9597473324063907,0.98853748227586,0.9698517750652235,0.9863718821304076,0.8754827098194337,0.9869263302547908,0.9558408217623983,0.9820385216639449,0.9748623851115895,0.8534325121267613,0.9458065271650277,0.9834893065708736,0.9799532400383881,0.977347088721742,0.9602246963931735,0.9721802885493362,0.98185669781953,0.9689460568369348,0.9606012807570218,0.9915163732342485,0.9736145669885315,0.937939678257708,0.9109947901883844,0.9538012252109442,0.9703574329699972,0.9594441734863823,0.9862873640672092,0.9728559319222191,0.943324226734693,0.9666564196400648,0.9386611078806115,0.9842075792917846,0.9508956322387883,0.9739646204715213,0.987935171892282,0.9311255877578097
okx/BNT-USDT-SWAP,0.9638731226413577,0.9400029197125249,0.9715236465797645,0.8967160999693915,0.9510465336349687,0.9462551351961939,0.9771300465208211,0.9642807482549449,0.9704528701936277,0.9476710404746213,0.9635864067261786,1.0,0.9436541892068331,0.9753056146475315,0.9575595731700585,0.9834284148243949,0.9321299487988002,0.9103172794281109,0.9606212808777552,0.9380620529049056,0.927076019341482,0.9812836023127977,0.9369880399690105,0.9729694965724583,0.9395627800440373,0.9358109536359088,0.9648337703303065,0.9001465834122611,0.9553670360231398,0.8624161829453395,0.9724339648863103,0.9649691569473875,0.9024056188562148,0.9494951729985825,0.9698852334306972,0.9514369259486636,0.9688006083982277,0.9054716683652704,0.9757222739845287,0.9193065909652932,0.9683630641842399,0.9751300375089981,0.9091533530429854,0.9613620674440401,0.9714204003931124,0.9546975963146572,0.9748457591570416,0.9578671610623807,0.9660347057261802,0.9584230958460953,0.918515951357268,0.9144789872357355,0.9656227733040194,0.9548878831086094,0.9342746541891662,0.9005395537796124,0.9252923350445695,0.9425914156823642,0.9302959526588025,0.9690138860396429,0.9641267825389938,0.8829721539715876,0.933194088377472,0.9529034185975033,0.9621938377487952,0.9476740899764338,0.9565661685017627,0.9682275677862576,0.9468275607388991
okx/BSV-USDT-SWAP,0.9709935418088566,0.9249691408297336,0.9666668440798344,0.8330915352188222,0.9652034000774355,0.9476020388728298,0.9401641556158173,0.9674964214965467,0.9682780985520808,0.9226868469866553,0.974883167390482,0.9436541892068331,1.0,0.9486975765443126,0.9501235824568688,0.9621031858254668,0.9262798263564916,0.8763184708418423,0.9572454466044846,0.9143170589362227,0.8864410155276767,0.9652736047023269,0.900272603353358,0.9648779106361136,0.9450837539342182,0.8598309153400663,0.9593507930215373,0.9518677306156419,0.9527644659716585,0.8952252859441845,0.9375193774527154,0.950444196251292,0.9123973891887968,0.934900984370459,0.9657054019772775,0.9357090525508707,0.9680045777977644,0.8840584126192846,0.965769049750089,0.9364307839620635,0.9602325829263235,0.9505667957338637,0.8552578068591972,0.917087035722253,0.9674137908207451,0.957426597584533,0.954222294115386,0.9426134407285375,0.9567922022628009,0.9575016241623642,0.9596674374917189,0.9354815353435612,0.9670349227259953,0.9497617500156488,0.9328333875063817,0.8880838168451128,0.9485647752514578,0.9695048775930797,0.9321650021584557,0.9636517708608288,0.9493890805417325,0.9251104001610659,0.9333261201346784,0.9251481132366661,0.9641516852992499,0.9170354160678358,0.9593288382548271,0.9742104802417667,0.9230524652238444
okx/CELO-USDT-SWAP,0.9747293093387153,0.9626326493384812,0.9790746516282377,0.8604304993929625,0.9666031748755819,0.9528470534219365,0.9750415707068536,0.9617897426582269,0.9698530734809777,0.9520319746583931,0.9781672264640187,0.9753056146475315,0.9486975765443126,1.0,0.9658338512619985,0.9738742754412171,0.9686111410992386,0.8971043759154137,0.9618894146286815,0.955783452146252,0.9226546926539387,0.9869378412115148,0.9166324083094552,0.9622709171628031,0.9569239496153347,0.8975906702152721,0.9635514972877017,0.9261032212451609,0.9452753293391025,0.8567719879433827,0.9640599388181785,0.9772381124841582,0.8986379361884266,0.9578607300892005,0.9804198587641415,0.9709891112856205,0.9806999390363061,0.8910862897223488,0.9799022214912265,0.9218830820011342,0.9646215119397561,0.9818395606917824,0.8607281649271475,0.9420493601445522,0.9771479181076533,0.9699945051415351,0.9682304388152805,0.9544124486038852,0.9543704872506795,0.9670482337997736,0.9341226512125527,0.9522839684826018,0.9752856300241833,0.9602084627038253,0.9089209710744953,0.9076435960515408,0.9189611429486432,0.9473899809628827,0.9612569971783254,0.9785606114576452,0.9661015490102277,0.920792956521808,0.9477993318262704,0.9390067769127582,0.970881942199273,0.9696481192273693,0.9522592738874067,0.9685768953591315,0.935642722083245
okx/COMP-USDT-SWAP,0.9641697448219018,0.9537456233105484,0.9563288729330806,0.8977734723699988,0.961476580465244,0.9761335860530453,0.9499522886883581,0.9703263033104064,0.96759198118824,0.9422898866403981,0.9658699840372241,0.9575595731700585,0.9501235824568688,0.9658338512619985,1.0,0.9534777993811547,0.9547551333251891,0.9350509811885548,0.9385912795960725,0.9234905155113372,0.9155362436453194,0.9726629768337636,0.9409241699014376,0.9659143995306868,0.937328569153457,0.9288293343660352,0.9783795461511259,0.9323543108743912,0.9603261065705162,0.9021422290938814,0.9741728926311977,0.9632573361739317,0.9400211436241891,0.9265800116246122,0.9689469134835068,0.9431795723328599,0.9778885618642738,0.903775806182403,0.9686588390103033,0.9509958438651238,0.9462823691109569,0.9681473625087244,0.8867797638050708,0.9356335841785176,0.9681517870656892,0.9360060507376727,0.9620089355534461,0.9652140863458297,0.9646176347247329,0.9641354134860247,0.9513012311864351,0.9426844726342458,0.9643665693680098,0.956782158718344,0.9316739253235372,0.9038161892557303,0.9467113343059759,0.9522890483413076,0.9514799718509144,0.9688466711666056,0.9480157620089875,0.9482031101938097,0.9407879348251622,0.9670881515193912,0.9428930637786734,0.9440047056959882,0.9682389583921902,0.9728273622954213,0.928888870884091
okx/CRO-USDT-SWAP,0.9745670438723486,0.939250128309756,0.9815337182584174,0.8668456346985876,0.9593116277641344,0.9455109677982518,0.9863439882191433,0.9718963436504009,0.9722685792808688,0.9448654122332605,0.9791169758312516,0.9834284148243949,0.9621031858254668,0.9738742754412171,0.9534777993811547,1.0,0.9295447834905232,0.8936809802227922,0.9809978125149238,0.9449000529745575,0.9190275458148118,0.9864579267150442,0.9217258626219943,0.982346792689791,0.9626772192199786,0.9078706892663976,0.9657797954522774,0.923158775621332,0.9616274807472109,0.8524377197229159,0.9598145536096603,0.9644370268012966,0.8863339834944083,0.9708693995661454,0.9774591667249317,0.9586200550377781,0.968822012993122,0.8727764183235619,0.9822401155367909,0.9186524454316394,0.9883584835543465,0.9720201580267194,0.882957953707838,0.9593982461945402,0.9753941591244978,0.9760061472737561,0.983018139179053,0.9461407639888743,0.9713734005694558,0.9742388442220933,0.9334260100048809,0.9318039175936125,0.9784914281460423,0.975531054286072,0.9511519460025979,0.915628286273117,0.927723799869876,0.9488902760982972,0.9285975122778469,0.9825442302405092,0.9752414174866625,0.8956330373974303,0.9497291574368576,0.9417089674086986,0.984259978227989,0.9425955765026182,0.9578786304626475,0.9762301948869341,0.9454953139276467
okx/CRV-USDT-SWAP,0.9620181246972631,0.94462379124496,0.9540520980845971,0.8149356604877018,0.9696170428919375,0.9543404577215064,0.9348562146721144,0.9488670946791055,0.9579009200677209,0.9289631091697831,0.9645355606108745,0.9321299487988002,0.9262798263564916,0.9686111410992386,0.9547551333251891,0.9295447834905232,1.0,0.9032732534906742,0.9147048666906499,0.9310217381905458,0.9010943000307559,0.9617816601029678,0.9149419216861395,0.9333886689445339,0.9396098626724136,0.8754249578352378,0.9545400691145909,0.9404339081520683,0.9417690285465526,0.888695081952492,0.9542538178821117,0.9624121275749935,0.9262019563455377,0.9056944835406906,0.9722301356157264,0.9657921532852437,0.9684724445912111,0.8748442121232306,0.9591576700215211,0.9362873672587065,0.9392085057637324,0.9583213217867288,0.8015922863550003,0.908380528228223,0.9647620968894679,0.9372932760674997,0.9366300613595742,0.9532107376236324,0.9277352033459151,0.9433424712677203,0.9423416521646076,0.9652897646549596,0.9709405354571091,0.9428194925240226,0.8788741214834446,0.8707489137182229,0.93403509275191,0.9314513525624786,0.9786058768762826,0.9559118192573192,0.9277896052773416,0.9537967868463969,0.9515213857636531,0.9075529159012489,0.9464333189313845,0.9679046361578437,0.9502520901197147,0.9473208695561711,0.8892368320138245
okx/CSPR-USDT-SWAP,0.9169448942728229,0.8685213757848392,0.9051983130036596,0.8511272484448822,0.9220084185738555,0.9608903238990357,0.8868361868822503,0.9381279850216725,0.9187522816075095,0.9226677673178946,0.9094775106843894,0.9103172794281109,0.8763184708418423,0.8971043759154137,0.9350509811885548,0.8936809802227922,0.9032732534906742,1.0,0.8647350584258969,0.8878752725103722,0.8954030908124797,0.9239332933429815,0.945589677045289,0.9294858314412873,0.8839208057534025,0.9252542670452013,0.9538980874877167,0.8943353047549101,0.9365000089138156,0.8930590840170174,0.9582829242227633,0.932974395870379,0.9450541143095262,0.8505710591455947,0.9197075787996205,0.907125459855641,0.9323198298220847,0.8581307884594325,0.9094404109932447,0.936754801852567,0.9013798007029235,0.9342799914242779,0.8175923529255841,0.911470724361017,0.9286368832821215,0.8698105952632766,0.9248199582413689,0.9582084422858539,0.9256565752934041,0.9236309726464338,0.9284919817365369,0.88858545362539,0.9170861657238409,0.9127624819439253,0.9193574286764471,0.8296394946315669,0.933352020648589,0.882085013726562,0.9060814258098041,0.9229533573920315,0.902669372838556,0.9108318064082227,0.9271472328909788,0.8987308579291079,0.8762067169225172,0.88475274130247,0.9467815022325887,0.9271979684902993,0.8552904887490028
okx/CVC-USDT-SWAP,0.9689821413080818,0.9453769184763033,0.9756717513549081,0.8515322943763443,0.9450949012740419,0.927215400613766,0.9693703422718051,0.9517402116924985,0.9610556593717897,0.9344708406280356,0.971600789806364,0.9606212808777552,0.9572454466044846,0.9618894146286815,0.9385912795960725,0.9809978125149238,0.9147048666906499,0.8647350584258969,1.0,0.9498541584484126,0.8983019559463438,0.9764167178972754,0.8905416111345922,0.9695884039037367,0.9670918343412822,0.885207322978052,0.9490798441474012,0.9241315023415815,0.9323802378901368,0.8156881091221176,0.9383225460963555,0.9521768700347047,0.8703754388418226,0.9852663702515364,0.956251146801057,0.9386062077352484,0.9557966803144796,0.8559349016207352,0.9712738041877511,0.9042046496978742,0.9710090052516008,0.9574671652230922,0.8508862570343833,0.9540054750452327,0.9529547018844743,0.9825177296531211,0.9809784231513622,0.9116020753194287,0.973479737803086,0.9709212491718223,0.9222868911326443,0.9272224362466164,0.956898373864276,0.9627139644997563,0.9287256682720144,0.937475901059283,0.8976486963563589,0.9508871691045974,0.9063593346317178,0.9736641385257442,0.9682858707949564,0.8878159446883541,0.9269116290281348,0.9208042374053406,0.9806837937509328,0.9253273708973178,0.930509946680672,0.9706721896840298,0.9627455191138696
okx/DASH-USDT-SWAP,0.9605010315138967,0.923999568865671,0.9544405080040007,0.8189738888247504,0.9410815938012728,0.930229930558792,0.953240705233789,0.9432392319659303,0.939740981060219,0.9622765148553242,0.9524355326489461,0.9380620529049056,0.9143170589362227,0.955783452146252,0.9234905155113372,0.9449000529745575,0.9310217381905458,0.8878752725103722,0.9498541584484126,1.0,0.9220938742257657,0.9660707210183058,0.9019412704416951,0.9518395796770549,0.9694403034658612,0.8763213476356122,0.9477807569340013,0.9079273854971308,0.9320010443144776,0.8261576794187555,0.9471915880540505,0.954488015892841,0.8819724795847712,0.9452928395799473,0.9471949479499423,0.9608665415038505,0.9500488652560386,0.8300771389607798,0.9467411946028889,0.9147306868255588,0.9520227658225582,0.9667510821779945,0.7678730120831273,0.949728797611468,0.9442218067513172,0.9712703199250579,0.9638264488716701,0.9218945367720595,0.9505363393639191,0.956478034391744,0.9153862041442338,0.9326023801254693,0.9459585494475974,0.9635073568269559,0.9114824350930458,0.8874249115892627,0.8935978428815935,0.9029163009872507,0.923260158819384,0.9637580132843508,0.9503140663442111,0.9087898397858931,0.9489397708365975,0.8676143088374187,0.9517367973096775,0.9301041934507376,0.9205261326534981,0.949340471567949,0.9035546353542104
okx/DOGE-USDT-SWAP,0.9214720493212335,0.9033938349056447,0.919068981304724,0.8254342269356394,0.9126699352235429,0.9166519894320466,0.9273187443765267,0.9106736116187799,0.9197950201014227,0.955686265387845,0.910578741353089,0.927076019341482,0.8864410155276767,0.9226546926539387,0.9155362436453194,0.9190275458148118,0.9010943000307559,0.8954030908124797,0.8983019559463438,0.9220938742257657,1.0,0.9311232840513358,0.918374153710016,0.9265475201172223,0.9114591430275213,0.8913093978020191,0.9250973984164413,0.8606726247535972,0.9094402871288553,0.8282879605322176,0.925365443232323,0.9164828910026862,0.8668808202101638,0.8839558052844914,0.9217608385006901,0.9290902022999756,0.9195414884025261,0.8643097701592728,0.9210118078217993,0.8838389048119432,0.9093588988934175,0.9449637295929614,0.7999767460073837,0.9080816562886577,0.9264023151546676,0.9067733113729312,0.926514561369803,0.9150501051133587,0.9088004945135301,0.9156838142219345,0.8831498188005027,0.8812003574920771,0.9164030721836043,0.9360373904486223,0.8902903560989317,0.8535427187417122,0.8912224613768371,0.8785817315788601,0.914537881405958,0.9317009916821655,0.8994792354711826,0.8907044285080647,0.9101975118969446,0.8749185894719407,0.8999974995560461,0.9106300647382842,0.9045544447016198,0.9122071700242977,0.8878782433964088
okx/DOT-USDT-SWAP,0.9907048389875255,0.9523134117335085,0.9889609371264346,0.870227010994265,0.9801455212303826,0.9711122125326851,0.9790298858549172,0.985472744458268,0.9827034583098495,0.9638250747846755,0.9904923649543667,0.9812836023127977,0.9652736047023269,0.9869378412115148,0.9726629768337636,0.9864579267150442,0.9617816601029678,0.9239332933429815,0.9764167178972754,0.9660707210183058,0.9311232840513358,1.0,0.9374994850491246,0.986609628650151,0.9732089218134268,0.9168185116884146,0.9850728481119996,0.94581460760907,0.9733953460931928,0.8856562109111425,0.9791919244185024,0.9839710075375605,0.9259184642258252,0.9655884198046938,0.98964834312725,0.9750196745205163,0.9900929878406561,0.8864936958958111,0.9894854443249191,0.94989172331973,0.9841094944051367,0.9865127815045902,0.8640092707025242,0.9618676948947213,0.9871928716623966,0.9819805184352437,0.9873417918062037,0.9672445498562164,0.9801652865842071,0.9857257612352832,0.959065281927308,0.9572514992461997,0.9873810041622519,0.9788150603889009,0.9467588478566737,0.9149521966075972,0.9465973785178724,0.9583837990861208,0.9582416838163488,0.9914142174125535,0.9815762104607195,0.9365026213885245,0.9671635054747478,0.9472266222087243,0.9831155094653162,0.957159876738839,0.9740874204673153,0.9890607762348731,0.9410041841838557
okx/DYDX-USDT-SWAP,0.9227818459790371,0.9101945651849679,0.9264018194284493,0.9023977566122245,0.9169867231333511,0.9485718896854681,0.926880617032894,0.9436805286390095,0.9408343208880835,0.9461219111240626,0.9244833610325384,0.9369880399690105,0.900272603353358,0.9166324083094552,0.9409241699014376,0.9217258626219943,0.9149419216861395,0.945589677045289,0.8905416111345922,0.9019412704416951,0.918374153710016,0.9374994850491246,1.0,0.9337278695383106,0.8897498942960064,0.9358924108553969,0.9560619687153857,0.9076328643880207,0.9469800818214447,0.8853600427161987,0.9714592273499422,0.9394582305564207,0.9453675861500909,0.8689226534115259,0.94338934769849,0.9358172640000483,0.9338936068427139,0.9178436949838258,0.9283016432707565,0.918454717511938,0.9294786161497828,0.9549929150532667,0.8776472750036867,0.9459489135956376,0.9352794534093244,0.8852459046396385,0.943312390818217,0.9610463119115246,0.9412702586941805,0.9244645143105953,0.9176170491311116,0.8935470916642788,0.9368183246820949,0.9360975739500255,0.9273137504027161,0.8778047698849644,0.9430844138548079,0.9237888929292403,0.9267054340015796,0.9459997749785006,0.9114316440862523,0.9207994439049269,0.9384534312437254,0.9178399738421734,0.8992951977780071,0.9229052598183132,0.9574732743663178,0.9322499156949506,0.8850279986008917
okx/EGLD-USDT-SWAP,0.9852950353791768,0.9298124414538125,0.9731638763270795,0.8688956981076523,0.9734904284002076,0.9713395021603618,0.9699373003682116,0.9880753637146016,0.9777200741089185,0.9567421541858862,0.9801804547773999,0.9729694965724583,0.9648779106361136,0.9622709171628031,0.9659143995306868,0.982346792689791,0.9333886689445339,0.9294858314412873,0.9695884039037367,0.9518395796770549,0.9265475201172223,0.986609628650151,0.9337278695383106,1.0,0.9656923752919152,0.9179051842832644,0.9851040904013565,0.9387338038698129,0.9802455770709628,0.8999520321909262,0.9728623729742858,0.9639470657359506,0.9288210700365453,0.9539113083578807,0.9761077898725317,0.9506672537893899,0.9810977006563991,0.869309431148881,0.9817941369280945,0.9591588014023779,0.9762541710997706,0.9739216497769275,0.862844915188348,0.9549748960577109,0.9778285192782769,0.9705116197708178,0.9823058814183873,0.9598102315285296,0.9828350126771888,0.9852065733545615,0.9616253382021387,0.9356230055463891,0.9777536306184946,0.9764055150053377,0.9728942527875983,0.8978262776983056,0.9534958287155102,0.953479361563001,0.9381166821210565,0.9840458357752964,0.9731028205640185,0.9229936031127641,0.9529459594493285,0.9383758718402241,0.9713326920448844,0.9268998210969859,0.9725223307113852,0.9906944429614766,0.9378805619700565
okx/EOS-USDT-SWAP,0.9772439002585892,0.9294544474570586,0.9708462432242028,0.8024085371784937,0.9590817122614037,0.9445527361341314,0.9571952418199765,0.957980605988189,0.962124835392903,0.9408272299580994,0.9691691790721995,0.9395627800440373,0.9450837539342182,0.9569239496153347,0.937328569153457,0.9626772192199786,0.9396098626724136,0.8839208057534025,0.9670918343412822,0.9694403034658612,0.9114591430275213,0.9732089218134268,0.8897498942960064,0.9656923752919152,1.0,0.8772619101163359,0.9598421641873048,0.9303840866594566,0.945045609097819,0.8557945868419908,0.9434076564864072,0.9535845948507234,0.8907580346640137,0.9602589121118948,0.9596664283273354,0.9546706557099138,0.9640000233851403,0.8250707712333185,0.9641709895360592,0.929964767609483,0.9625517504331059,0.961421110767172,0.7776731126569922,0.9406841948829341,0.9582121882953611,0.9833946945201383,0.9705603326426834,0.9276250497930358,0.9611635208567954,0.9705047337442602,0.9409874086208987,0.9574382172754287,0.9608593424742138,0.9751023807939784,0.92767475090973,0.9034235451520516,0.9143300760339367,0.9225297143332933,0.9254843929816648,0.9698985339889634,0.9575523078450842,0.9192700558562348,0.9489864346603593,0.8901731323716717,0.973807704329982,0.9362021519456819,0.9337171385015487,0.9663103852383613,0.9239284890891444
okx/ETH-USDT-SWAP,0.8862243508697851,0.9084492624960975,0.8998914593241252,0.9378104921741616,0.8650170113612968,0.9211614462209027,0.9230260035713368,0.9094398772077474,0.9106463259964385,0.9002693876304656,0.8901409779876862,0.9358109536359088,0.8598309153400663,0.8975906702152721,0.9288293343660352,0.9078706892663976,0.8754249578352378,0.9252542670452013,0.885207322978052,0.8763213476356122,0.8913093978020191,0.9168185116884146,0.9358924108553969,0.9179051842832644,0.8772619101163359,1.0,0.9274602942563785,0.8452959778775098,0.9123811579943416,0.8307603220404303,0.9536111815760971,0.8962592859359949,0.900479557867989,0.8779789364816282,0.8981080414438348,0.8695382167916034,0.9060519454942946,0.8808990007033564,0.899316457096574,0.8938765077685906,0.8913201300850243,0.9247328767875691,0.8862796129092824,0.9486811702361204,0.8863567730811511,0.8589556196547394,0.9363637866247231,0.9078532693773136,0.9414989084343636,0.9023461589605895,0.8493892450446631,0.8458349466000096,0.8898458450906312,0.9051145470733554,0.9024875037530582,0.8995453257932299,0.8796234189029485,0.8862966708064183,0.8613704513238061,0.911067109576245,0.9022792379905772,0.8541106624545696,0.8819811966657279,0.9212525522240279,0.8707842829564957,0.8922003976760383,0.9058111331084845,0.9077861686661568,0.9127659075506219
okx/FIL-USDT-SWAP,0.9835049600741063,0.9318457941047579,0.9690555929481142,0.8746543625201076,0.9787237884735212,0.9902495949311395,0.9570569472803383,0.9920494151217939,0.9807266698336994,0.9625743019364483,0.9782571886659566,0.9648337703303065,0.9593507930215373,0.9635514972877017,0.9783795461511259,0.9657797954522774,0.9545400691145909,0.9538980874877167,0.9490798441474012,0.9477807569340013,0.9250973984164413,0.9850728481119996,0.9560619687153857,0.9851040904013565,0.9598421641873048,0.9274602942563785,1.0,0.9552887260256656,0.9867689165067519,0.9321490703564547,0.9863237036215503,0.9738798260425431,0.9599136738395444,0.9335193275167514,0.9813129687051292,0.9603735336138117,0.9880805650429393,0.8860225403426366,0.9774316396503774,0.9768921369689698,0.9679862595487148,0.9795432522141413,0.8600007764666919,0.9540087461465925,0.9826730948043502,0.9559047709160505,0.9787520113514266,0.9807260151159414,0.9795879478852297,0.9827368624253675,0.9762815853215961,0.9497660120037177,0.979390854204896,0.9734122834690802,0.9649116097234675,0.8899959321185622,0.9734968222499579,0.9547342173946063,0.9562049653373477,0.9830496065045576,0.9675375949849987,0.9516303647870422,0.9668623176790225,0.9427971658795302,0.9589234326914378,0.9404422122628529,0.9881752584242007,0.9888043105358865,0.922122544679444
okx/FLM-USDT-SWAP,0.959478644711617,0.9097180376977122,0.9457182065605645,0.7956762864383347,0.9573412382886288,0.9520654790003373,0.907641882949367,0.9555376946770149,0.9517727317373001,0.9157250202730315,0.9610823730315148,0.9001465834122611,0.9518677306156419,0.9261032212451609,0.9323543108743912,0.923158775621332,0.9404339081520683,0.8943353047549101,0.9241315023415815,0.9079273854971308,0.8606726247535972,0.94581460760907,0.9076328643880207,0.9387338038698129,0.9303840866594566,0.8452959778775098,0.9552887260256656,1.0,0.9418400802790354,0.8972446469665045,0.9316162392886299,0.9453186198493931,0.9304778903767612,0.9039956304211254,0.952445518743035,0.9308526370804099,0.9563730125107901,0.8487511165463685,0.94644329103626,0.9420671740747435,0.9401008199429937,0.935680929330088,0.8020784189914061,0.9049165305924305,0.9496589352385942,0.9370149736982899,0.9375710092576113,0.9385697132107382,0.9447134172905497,0.9512308943923692,0.9657436984866011,0.9409385992587326,0.9579496579062159,0.9383764044140962,0.9151360134116912,0.8784446895475884,0.9429973372666483,0.9472141686945821,0.933788505086133,0.9528262117662714,0.9261375914488749,0.9575661265426052,0.9399060359332969,0.8941364505943117,0.9422224264039345,0.908658477566097,0.9554899931504501,0.9592098553739811,0.8820844566782984
okx/GALA-USDT-SWAP,0.9738256395449157,0.9064189544399843,0.9560886600247406,0.8579871688871368,0.9717147975077989,0.9773898580320761,0.9506469833463669,0.9910911030165737,0.9674181135622997,0.9462010359670721,0.9709406862575078,0.9553670360231398,0.9527644659716585,0.9452753293391025,0.9603261065705162,0.9616274807472109,0.9417690285465526,0.9365000089138156,0.9323802378901368,0.9320010443144776,0.9094402871288553,0.9733953460931928,0.9469800818214447,0.9802455770709628,0.945045609097819,0.9123811579943416,0.9867689165067519,0.9418400802790354,1.0,0.9389040276086867,0.9745563153725185,0.955051455124404,0.9474967204555823,0.9142921200567847,0.97619090024125,0.9488149981274075,0.9747184705596056,0.8631474904840348,0.968552568158856,0.9743955986150615,0.9708109941212869,0.9630809324947256,0.8501592268763165,0.9382149129325745,0.97537097583102,0.9426969060092122,0.9640164786347485,0.969397387780916,0.9640922062721784,0.9695828781256969,0.9688113731850768,0.9341236138375654,0.9809226882797187,0.9710293082578224,0.9728935846206637,0.8578580935012879,0.9774305292305575,0.9418516451704291,0.9472792728639631,0.971817588893748,0.9571315560061149,0.9342999621786848,0.9611907139075491,0.9313581472763178,0.9539203259650958,0.9190759380675868,0.9861502721006036,0.9785692840257383,0.8946305679076763
okx/GODS-USDT-SWAP,0.9085233053990737,0.8160944764119941,0.8700935769726039,0.7735576105572958,0.9167768028161971,0.9405641729199266,0.8348889137439149,0.9319381305606891,0.9134173651056163,0.8526712847400973,0.8967300165027547,0.8624161829453395,0.8952252859441845,0.8567719879433827,0.9021422290938814,0.8524377197229159,0.888695081952492,0.8930590840170174,0.8156881091221176,0.8261576794187555,0.8282879605322176,0.8856562109111425,0.8853600427161987,0.8999520321909262,0.8557945868419908,0.8307603220404303,0.9321490703564547,0.8972446469665045,0.9389040276086867,1.0,0.9082430574989463,0.8718634264889128,0.9503021249991385,0.7925619619381943,0.9039026462538929,0.8664638393223072,0.9213607159859366,0.8116685687654043,0.8858115771432863,0.9605258764784648,0.863409707917282,0.8789139041576083,0.7785151934004035,0.8255008509285954,0.9114004958874588,0.8445145912690297,0.862429272713729,0.9278088079151504,0.8785644327643025,0.8862975645879154,0.9462596313339889,0.8663052537895831,0.9071348843558595,0.8675440097355914,0.8886244961092706,0.7429722617548278,0.9593846094685549,0.8880977743411015,0.8989034316114662,0.8777225174653283,0.8580098134936842,0.902235198394407,0.8836477825330257,0.8634782110908357,0.853236901348004,0.8375809506724641,0.9383602248680833,0.9130217605392581,0.7967567822679227
okx/GRT-USDT-SWAP,0.9666430040583781,0.9406782779032153,0.9648050442099634,0.908403223736848,0.9596521159941098,0.9782339502699903,0.9623215504981556,0.9777930592427747,0.9712799323638127,0.9598313257207544,0.9684800626607925,0.9724339648863103,0.9375193774527154,0.9640599388181785,0.9741728926311977,0.9598145536096603,0.9542538178821117,0.9582829242227633,0.9383225460963555,0.9471915880540505,0.925365443232323,0.9791919244185024,0.9714592273499422,0.9728623729742858,0.9434076564864072,0.9536111815760971,0.9863237036215503,0.9316162392886299,0.9745563153725185,0.9082430574989463,1.0,0.9705172420874063,0.9592636164199897,0.9254675633326086,0.9751801009733108,0.9596331051939662,0.9765142552425655,0.9099327090287282,0.9682293330285049,0.9593971834559245,0.9606999322501144,0.9816180405055915,0.8787982987456765,0.9695164198035894,0.970167485522362,0.940048419946376,0.9777992048352964,0.9783216166961348,0.9753422826066144,0.9677590923280625,0.9502423057900659,0.9364678604936838,0.9700785528672635,0.9642814307202243,0.9468154407792063,0.9043865226524803,0.9569289421940252,0.9495190287040146,0.9506591565956113,0.9760795645237806,0.9591928936595294,0.9342888875930985,0.9609099356047412,0.9473524245987538,0.9453981840175065,0.950783033127588,0.9770743797615626,0.9735759819275032,0.9253177800862052
okx/ICP-USDT-SWAP,0.9744942749346411,0.9368916701837376,0.9764680745853112,0.8503415755203029,0.974217958154363,0.9593891447378255,0.9560192548271778,0.9688670920422596,0.9682193517910936,0.9596422197325506,0.9735137239961522,0.9649691569473875,0.950444196251292,0.9772381124841582,0.9632573361739317,0.9644370268012966,0.9624121275749935,0.932974395870379,0.9521768700347047,0.954488015892841,0.9164828910026862,0.9839710075375605,0.9394582305564207,0.9639470657359506,0.9535845948507234,0.8962592859359949,0.9738798260425431,0.9453186198493931,0.955051455124404,0.8718634264889128,0.9705172420874063,1.0,0.922644344118775,0.9364848923740884,0.9795302368677071,0.9757885991543945,0.9785378745023361,0.9061736908179067,0.9745954348263133,0.9292225405725554,0.9715115607525923,0.9801657100038818,0.8457184361560841,0.9465346361186739,0.9833380881447231,0.959578116851312,0.9700719206735514,0.9749268784186991,0.9594530173498148,0.9648998037462094,0.9537715588631721,0.9636120583319308,0.9761583379961776,0.9631751373513286,0.9239551904751647,0.8933075615149124,0.93569563222526,0.9435401220393439,0.9564713385491569,0.9776807519697605,0.9645248592735334,0.9427521787946596,0.9667468547465067,0.9339953448854599,0.9676394631142773,0.9612778599320818,0.9705156976751808,0.9721880887379267,0.9130712436806162
okx/IMX-USDT-SWAP,0.9324662549181724,0.8888800818910122,0.9153839706416781,0.852288345971014,0.9377674946957931,0.9646912458149988,0.8766898600962706,0.949130606303794,0.9435706808749301,0.9003883298823744,0.9298056529448822,0.9024056188562148,0.9123973891887968,0.8986379361884266,0.9400211436241891,0.8863339834944083,0.9262019563455377,0.9450541143095262,0.8703754388418226,0.8819724795847712,0.8668808202101638,0.9259184642258252,0.9453675861500909,0.9288210700365453,0.8907580346640137,0.900479557867989,0.9599136738395444,0.9304778903767612,0.9474967204555823,0.9503021249991385,0.9592636164199897,0.922644344118775,1.0,0.8478249293933212,0.934731688090918,0.9081523804924152,0.9480609755868987,0.8837974703598093,0.9178219334557711,0.9685827004709392,0.8976836493014211,0.9317599461885357,0.8229398484261572,0.901891657592953,0.9296015531370172,0.8811309577823362,0.915679626232847,0.955427384311501,0.9331466032890126,0.9222752220893072,0.9560586800974887,0.9069312188797031,0.9318330005538524,0.9058438668829586,0.9054165991581016,0.8485098970130903,0.9637870316219119,0.9341919885693594,0.9334897797210302,0.9254977735920232,0.8956492124444587,0.9433592146283083,0.9209121812492491,0.9013199592859629,0.8858543663120817,0.8906493004781272,0.9587180506737764,0.9415749056743546,0.8695566013106156
okx/IOST-USDT-SWAP,0.9567842423410577,0.9434703468840598,0.9693271514287953,0.8397853709687375,0.926758173669463,0.9188469058948413,0.9616126917954103,0.9356499633148958,0.9471675432782641,0.9184391549226375,0.9597473324063907,0.9494951729985825,0.934900984370459,0.9578607300892005,0.9265800116246122,0.9708693995661454,0.9056944835406906,0.8505710591455947,0.9852663702515364,0.9452928395799473,0.8839558052844914,0.9655884198046938,0.8689226534115259,0.9539113083578807,0.9602589121118948,0.8779789364816282,0.9335193275167514,0.9039956304211254,0.9142921200567847,0.7925619619381943,0.9254675633326086,0.9364848923740884,0.8478249293933212,1.0,0.9421083562978606,0.927202308653163,0.945644725080413,0.8228545791319931,0.9536201053391477,0.8915617831803204,0.9575011899259491,0.9492438835662487,0.8340280396045443,0.9463344529375046,0.9362389802471764,0.9772039839483291,0.9698883745457132,0.8924010518485257,0.9598564352762254,0.9589108410744628,0.902459116227769,0.9125596551605347,0.9433677529788543,0.9481003021404749,0.9062087297029602,0.9388811721994994,0.869999878308215,0.9295125805995662,0.8924459826335618,0.9635353434304346,0.9516407003613823,0.8653541537522393,0.9145757548438067,0.9097194046514046,0.9712103230437301,0.9110031228380772,0.906313807108846,0.9523434662469367,0.9555239989491618
okx/IOTA-USDT-SWAP,0.9847495632842072,0.9470115772474322,0.9828923893296712,0.8598077466954296,0.9853139571320786,0.9702710311936524,0.9711861360591416,0.9848841482134582,0.9821699628925796,0.954338496673897,0.98853748227586,0.9698852334306972,0.9657054019772775,0.9804198587641415,0.9689469134835068,0.9774591667249317,0.9722301356157264,0.9197075787996205,0.956251146801057,0.9471949479499423,0.9217608385006901,0.98964834312725,0.94338934769849,0.9761077898725317,0.9596664283273354,0.8981080414438348,0.9813129687051292,0.952445518743035,0.97619090024125,0.9039026462538929,0.9751801009733108,0.9795302368677071,0.934731688090918,0.9421083562978606,1.0,0.9789405488725995,0.9850079784457445,0.8960476921464481,0.9861370393069482,0.9491941993083834,0.9812328555157724,0.9789766471161413,0.8612547130897016,0.9464496207687233,0.9892712227203008,0.9666738459196645,0.9730622012149858,0.9746748744670248,0.9641311005279605,0.9766883258333229,0.9675534802848914,0.9641915293168974,0.9937815533781571,0.9729523637201295,0.9388789871280171,0.8934509899181149,0.9617505432493298,0.9607779931055087,0.9770534922951742,0.9873897896819743,0.9684281402159244,0.9496761392043233,0.96889751218071,0.9435397269006554,0.9771116795560599,0.9641323932799342,0.9822663209332118,0.981834438558521,0.9156659489228007
okx/KISHU-USDT-SWAP,0.9700673269162452,0.9352233517057118,0.9714988966200626,0.8233860476053956,0.966810576583929,0.9460733443364543,0.9559871845652441,0.9593118775476881,0.9640801995703447,0.957408444102524,0.9698517750652235,0.9514369259486636,0.9357090525508707,0.9709891112856205,0.9431795723328599,0.9586200550377781,0.9657921532852437,0.907125459855641,0.9386062077352484,0.9608665415038505,0.9290902022999756,0.9750196745205163,0.9358172640000483,0.9506672537893899,0.9546706557099138,0.8695382167916034,0.9603735336138117,0.9308526370804099,0.9488149981274075,0.8664638393223072,0.9596331051939662,0.9757885991543945,0.9081523804924152,0.927202308653163,0.9789405488725995,1.0,0.9656857928425773,0.878412202846639,0.9660923575612395,0.916493454994693,0.969785350876053,0.9759833509964025,0.817183904927313,0.9367221506884161,0.9766111042181561,0.9611316729704158,0.9580940391084527,0.9610143720359513,0.940407382288224,0.9547788798047341,0.9445427820082003,0.9585911544868918,0.977537149729611,0.9664775402103913,0.9081850486693834,0.875043039081606,0.937547586726022,0.9287885697265724,0.9647579004584652,0.9736962923262164,0.9480458481388166,0.9381647646242813,0.9676974317901695,0.9025954029541741,0.962539842081512,0.9635360531115991,0.9568162030120156,0.9558474039306123,0.8893054328448547
okx/KSM-USDT-SWAP,0.9902360808622338,0.9448172487168679,0.9800398779715765,0.8545804265030141,0.9853450089646152,0.9838060339801513,0.9568366423677602,0.9866767273534842,0.9853242208128441,0.9515324797506992,0.9863718821304076,0.9688006083982277,0.9680045777977644,0.9806999390363061,0.9778885618642738,0.968822012993122,0.9684724445912111,0.9323198298220847,0.9557966803144796,0.9500488652560386,0.9195414884025261,0.9900929878406561,0.9338936068427139,0.9810977006563991,0.9640000233851403,0.9060519454942946,0.9880805650429393,0.9563730125107901,0.9747184705596056,0.9213607159859366,0.9765142552425655,0.9785378745023361,0.9480609755868987,0.945644725080413,0.9850079784457445,0.9656857928425773,1.0,0.8823349952784084,0.9834489918911046,0.9683502510342533,0.9657518001333466,0.9812976866791732,0.8537024714313979,0.938565931592289,0.989242100666311,0.9694569447224685,0.9714706814500877,0.9774521906865489,0.9705815124934419,0.9782146132358346,0.9740820961064789,0.9555428147082394,0.9848896694822254,0.966761527516927,0.9409308588845681,0.8942714750904441,0.9589160827586909,0.9603895532399426,0.9655373656306074,0.9818466508304013,0.9653974909386163,0.9468507982247041,0.9597378965979102,0.9443877296488853,0.9689470366472044,0.9466852584843414,0.9784673757165525,0.987816756650118,0.9320110570975798
okx/LINK-USDT-SWAP,0.8623943369268708,0.9117140342819022,0.8871384315128928,0.8964900827014116,0.8684612856034469,0.8702917074294543,0.881272531990467,0.8712697921895471,0.8970657591482029,0.8856085730716371,0.8754827098194337,0.9054716683652704,0.8840584126192846,0.8910862897223488,0.903775806182403,0.8727764183235619,0.8748442121232306,0.8581307884594325,0.8559349016207352,0.8300771389607798,0.8643097701592728,0.8864936958958111,0.9178436949838258,0.869309431148881,0.8250707712333185,0.8808990007033564,0.8860225403426366,0.8487511165463685,0.8631474904840348,0.8116685687654043,0.9099327090287282,0.9061736908179067,0.8837974703598093,0.8228545791319931,0.8960476921464481,0.878412202846639,0.8823349952784084,1.0,0.8851383455026123,0.8358957308802423,0.8636520111664548,0.9052674145546618,0.8857970608058111,0.8926957368006037,0.8842861201643581,0.8284754512963443,0.8838406515405661,0.9023031582354514,0.881416943820861,0.8555580880445587,0.8535015835389518,0.8663203949270497,0.8761504572424009,0.8596753343525075,0.8263889784154718,0.8586461910832424,0.8725958866528958,0.9213696001357813,0.8966743265463426,0.8904378419929464,0.8630878239032365,0.8721474223325041,0.8425192504551089,0.9021122122939178,0.851807138531015,0.9115067685188478,0.8952386195630098,0.8784845722004604,0.8785709183480489
okx/LPT-USDT-SWAP,0.9858974414685725,0.94701917320383,0.9785028781120683,0.8589798698640586,0.9818049001111978,0.9631015756051514,0.9700623252294567,0.9799461794422895,0.9808854443313597,0.9511807953777442,0.9869263302547908,0.9757222739845287,0.965769049750089,0.9799022214912265,0.9686588390103033,0.9822401155367909,0.9591576700215211,0.9094404109932447,0.9712738041877511,0.9467411946028889,0.9210118078217993,0.9894854443249191,0.9283016432707565,0.9817941369280945,0.9641709895360592,0.899316457096574,0.9774316396503774,0.94644329103626,0.968552568158856,0.8858115771432863,0.9682293330285049,0.9745954348263133,0.9178219334557711,0.9536201053391477,0.9861370393069482,0.9660923575612395,0.9834489918911046,0.8851383455026123,1.0,0.9450627712226638,0.9771544949829843,0.9758498020456052,0.8725390532668528,0.941873568138535,0.9863292368885745,0.9743441672993965,0.9756252612274005,0.9620137272190283,0.9708260020377688,0.9806716496901686,0.9577599954047836,0.9572016192042776,0.9856617095569622,0.9756146085931282,0.9428784737505375,0.9024349767093056,0.9493947468188392,0.9596453052063586,0.9569908284706085,0.9834807387368693,0.9712536757998408,0.9309951978268325,0.9524565898608455,0.9466367691715704,0.9789919382661811,0.9523227486798022,0.9722969733286568,0.9873170105371301,0.9367810978499334
okx/LRC-USDT-SWAP,0.9622089876258244,0.8929139307804319,0.9311693514013668,0.831091170848487,0.9620114263911729,0.9812562738392038,0.904943430599395,0.9744036697049271,0.9540805645042097,0.9216293295683132,0.9558408217623983,0.9193065909652932,0.9364307839620635,0.9218830820011342,0.9509958438651238,0.9186524454316394,0.9362873672587065,0.936754801852567,0.9042046496978742,0.9147306868255588,0.8838389048119432,0.94989172331973,0.918454717511938,0.9591588014023779,0.929964767609483,0.8938765077685906,0.9768921369689698,0.9420671740747435,0.9743955986150615,0.9605258764784648,0.9593971834559245,0.9292225405725554,0.9685827004709392,0.8915617831803204,0.9491941993083834,0.916493454994693,0.9683502510342533,0.8358957308802423,0.9450627712226638,1.0,0.924486212166255,0.9418614434272148,0.8058388502167994,0.9048647802744529,0.9508512204332843,0.9217305990084272,0.9368472973460438,0.9518340782640271,0.9499054489577734,0.9559789749243676,0.9712595830069728,0.9212690594359716,0.9537271887279936,0.9369835604864839,0.9398323169457714,0.8414231638733467,0.9707969564855011,0.9332059210941069,0.937854032188548,0.9452215303565888,0.9287004258092775,0.9384274522232856,0.9360151605203825,0.9054466457660182,0.9208031970264412,0.8866844570940985,0.966253913988327,0.9667809200465778,0.8839175426484123
okx/MANA-USDT-SWAP,0.9776811197535903,0.9237091124295036,0.9810366359924326,0.8442990433002496,0.9658368949507948,0.9470046208786116,0.977486080100819,0.976561277716807,0.9678541454667111,0.9487299137390227,0.9820385216639449,0.9683630641842399,0.9602325829263235,0.9646215119397561,0.9462823691109569,0.9883584835543465,0.9392085057637324,0.9013798007029235,0.9710090052516008,0.9520227658225582,0.9093588988934175,0.9841094944051367,0.9294786161497828,0.9762541710997706,0.9625517504331059,0.8913201300850243,0.9679862595487148,0.9401008199429937,0.9708109941212869,0.863409707917282,0.9606999322501144,0.9715115607525923,0.8976836493014211,0.9575011899259491,0.9812328555157724,0.969785350876053,0.9657518001333466,0.8636520111664548,0.9771544949829843,0.924486212166255,1.0,0.9705741380066816,0.8576475285769198,0.9578400211071155,0.9776462417556764,0.9754912604142661,0.9803698811253656,0.9535060299439625,0.9682136327243576,0.9719449199077066,0.9461871303832754,0.9442524776984398,0.986715147859133,0.9802471819050061,0.9520309881623901,0.8996629875176051,0.9405103358682522,0.945534117453917,0.9327104655385469,0.9824466360386923,0.9717462442595475,0.914220076384504,0.9713607582125221,0.9275313105528671,0.986655461391425,0.9431159960552974,0.9675246062910681,0.9746673218418299,0.9160381402305182
okx/MINA-USDT-SWAP,0.9766175585710668,0.9556761180043108,0.9796584185448973,0.8784532822009179,0.9678555038560978,0.9690609500625966,0.9714909571511079,0.97197733763,0.9767592419852787,0.9718697823363122,0.9748623851115895,0.9751300375089981,0.9505667957338637,0.9818395606917824,0.9681473625087244,0.9720201580267194,0.9583213217867288,0.9342799914242779,0.9574671652230922,0.9667510821779945,0.9449637295929614,0.9865127815045902,0.9549929150532667,0.9739216497769275,0.961421110767172,0.9247328767875691,0.9795432522141413,0.935680929330088,0.9630809324947256,0.8789139041576083,0.9816180405055915,0.9801657100038818,0.9317599461885357,0.9492438835662487,0.9789766471161413,0.9759833509964025,0.9812976866791732,0.9052674145546618,0.9758498020456052,0.9418614434272148,0.9705741380066816,1.0,0.8616237551781716,0.963276199012283,0.9782853164122602,0.9652019570262257,0.9785273687898257,0.9707715058853476,0.9704734046839913,0.9697981681473159,0.9467145814622122,0.9500755905976592,0.9749230203747025,0.9743741411339417,0.9377017979623902,0.9122841054273864,0.9430639218759616,0.948373532192623,0.9578565579653439,0.9850778494966042,0.9613025785470531,0.9354925649243223,0.9613554490160546,0.9332262843961601,0.9647231878894207,0.9598261799678766,0.9653787677706569,0.9734728844075342,0.9371190833913315
okx/MKR-USDT-SWAP,0.832502460047091,0.8628924905995503,0.8523626237605014,0.9220676610411854,0.8193665300854022,0.8423170556898386,0.8724177798766372,0.8604313404885294,0.867476032619046,0.816315433225516,0.8534325121267613,0.9091533530429854,0.8552578068591972,0.8607281649271475,0.8867797638050708,0.882957953707838,0.8015922863550003,0.8175923529255841,0.8508862570343833,0.7678730120831273,0.7999767460073837,0.8640092707025242,0.8776472750036867,0.862844915188348,0.7776731126569922,0.8862796129092824,0.8600007764666919,0.8020784189914061,0.8501592268763165,0.7785151934004035,0.8787982987456765,0.8457184361560841,0.8229398484261572,0.8340280396045443,0.8612547130897016,0.817183904927313,0.8537024714313979,0.8857970608058111,0.8725390532668528,0.8058388502167994,0.8576475285769198,0.8616237551781716,1.0,0.8644279471042177,0.8534627857443308,0.807308838829305,0.8656864660723936,0.8636165179869709,0.8766443461839922,0.8399270862530783,0.8036891562805101,0.7761693168157523,0.8527791840311828,0.8304365417864994,0.8392497380813947,0.8496211063262856,0.8414547231089696,0.8868757273301997,0.8134183325333122,0.8545346709967531,0.8470865063382004,0.778439607420587,0.7955428811018336,0.9348397957769733,0.8369814569949741,0.8371614303674384,0.8735343930279778,0.8653652929478278,0.8640594707078192
okx/NEO-USDT-SWAP,0.9408495073196456,0.9364206292322563,0.957731072756452,0.9106806242459609,0.9164215795270259,0.9316671856963433,0.9679431698785014,0.9450043366359212,0.946828885595839,0.9491589474021931,0.9458065271650277,0.9613620674440401,0.917087035722253,0.9420493601445522,0.9356335841785176,0.9593982461945402,0.908380528228223,0.911470724361017,0.9540054750452327,0.949728797611468,0.9080816562886577,0.9618676948947213,0.9459489135956376,0.9549748960577109,0.9406841948829341,0.9486811702361204,0.9540087461465925,0.9049165305924305,0.9382149129325745,0.8255008509285954,0.9695164198035894,0.9465346361186739,0.901891657592953,0.9463344529375046,0.9464496207687233,0.9367221506884161,0.938565931592289,0.8926957368006037,0.941873568138535,0.9048647802744529,0.9578400211071155,0.963276199012283,0.8644279471042177,1.0,0.9332907914978105,0.9410877266657873,0.9847059353933396,0.9295356983878883,0.9773780208911697,0.9529480715223095,0.9016329665651264,0.9038996581120897,0.9400432830576341,0.9549670933431313,0.9336218646356668,0.9322290847732697,0.9014062571118896,0.9314622372742645,0.901297078728702,0.9658594605365136,0.9547019175819473,0.8874366285246778,0.9362558662455351,0.9210113660323558,0.9441830913514667,0.9329062648906032,0.93453299747571,0.9485451451385128,0.9386521925131909
okx/NFT-USDT-SWAP,0.9870606381604619,0.9291677416024043,0.9784918334038902,0.8379062300008683,0.9887038908809707,0.9722417422581844,0.9592825083404057,0.9838378412174935,0.9809040699420001,0.9549694758991772,0.9834893065708736,0.9714204003931124,0.9674137908207451,0.9771479181076533,0.9681517870656892,0.9753941591244978,0.9647620968894679,0.9286368832821215,0.9529547018844743,0.9442218067513172,0.9264023151546676,0.9871928716623966,0.9352794534093244,0.9778285192782769,0.9582121882953611,0.8863567730811511,0.9826730948043502,0.9496589352385942,0.97537097583102,0.9114004958874588,0.970167485522362,0.9833380881447231,0.9296015531370172,0.9362389802471764,0.9892712227203008,0.9766111042181561,0.989242100666311,0.8842861201643581,0.9863292368885745,0.9508512204332843,0.9776462417556764,0.9782853164122602,0.8534627857443308,0.9332907914978105,1.0,0.9676146385746203,0.9682359560767111,0.9816585538332312,0.958726534470408,0.9740549451264816,0.9719346071574491,0.9570090281566406,0.9906426250410997,0.9706199010691363,0.9434667601367092,0.8734920930038939,0.962125538500225,0.9504325756277656,0.9650127446661969,0.9810514577311672,0.9641462317811691,0.9388982877146457,0.9658385352958715,0.9399778960180014,0.9748082411406078,0.9516522760042027,0.9823554888742,0.9832694587444025,0.9130985127185665
okx/OMG-USDT-SWAP,0.9851503198666691,0.933160481581854,0.9808099642469977,0.8037535027348531,0.9653468944787911,0.938941430455324,0.9637568677621076,0.961516019385916,0.9659285441051059,0.9418158597165609,0.9799532400383881,0.9546975963146572,0.957426597584533,0.9699945051415351,0.9360060507376727,0.9760061472737561,0.9372932760674997,0.8698105952632766,0.9825177296531211,0.9712703199250579,0.9067733113729312,0.9819805184352437,0.8852459046396385,0.9705116197708178,0.9833946945201383,0.8589556196547394,0.9559047709160505,0.9370149736982899,0.9426969060092122,0.8445145912690297,0.940048419946376,0.959578116851312,0.8811309577823362,0.9772039839483291,0.9666738459196645,0.9611316729704158,0.9694569447224685,0.8284754512963443,0.9743441672993965,0.9217305990084272,0.9754912604142661,0.9652019570262257,0.807308838829305,0.9410877266657873,0.9676146385746203,1.0,0.972616321154563,0.9271142715499087,0.9635330105728128,0.9748194188918845,0.9427372462503983,0.9470401465663068,0.9703784605825014,0.9695586815585104,0.9240644983640104,0.9064760002038831,0.9114919689697046,0.9365227135970596,0.9268370005776653,0.9755184723109082,0.9660029172916397,0.9086072941249685,0.9472644225304199,0.9015277739046701,0.9878267827262456,0.9320376387070062,0.9366316620549366,0.9731447273856237,0.9309581211105317
okx/ONT-USDT-SWAP,0.9757862742395804,0.9486234353053384,0.9813656892094378,0.8903257345015384,0.9560304723299279,0.9609835839980918,0.9807466043366275,0.9746709868260424,0.9729489957556801,0.9632105936105988,0.977347088721742,0.9748457591570416,0.954222294115386,0.9682304388152805,0.9620089355534461,0.983018139179053,0.9366300613595742,0.9248199582413689,0.9809784231513622,0.9638264488716701,0.926514561369803,0.9873417918062037,0.943312390818217,0.9823058814183873,0.9705603326426834,0.9363637866247231,0.9787520113514266,0.9375710092576113,0.9640164786347485,0.862429272713729,0.9777992048352964,0.9700719206735514,0.915679626232847,0.9698883745457132,0.9730622012149858,0.9580940391084527,0.9714706814500877,0.8838406515405661,0.9756252612274005,0.9368472973460438,0.9803698811253656,0.9785273687898257,0.8656864660723936,0.9847059353933396,0.9682359560767111,0.972616321154563,1.0,0.9517248389738157,0.9902843305688231,0.9832780657393297,0.9421364384009138,0.9364544530198123,0.9708519378742908,0.9796814704410793,0.9569794528172979,0.9331220956797716,0.9315859730616837,0.9543251858385948,0.9287372755777332,0.9879770810338794,0.9790779249218309,0.9169295491869348,0.9601267576201717,0.9398294371317042,0.9741473634714625,0.9444114948166474,0.9614678079672397,0.9807028572018122,0.9543529262892364
okx/PERP-USDT-SWAP,0.9636703600829634,0.9100047174221635,0.9554813424019792,0.8575560924380662,0.969952200987356,0.9757921981107279,0.9362579825910152,0.9761791819091907,0.9685132106949667,0.9484079155036904,0.9602246963931735,0.9578671610623807,0.9426134407285375,0.9544124486038852,0.9652140863458297,0.9461407639888743,0.9532107376236324,0.9582084422858539,0.9116020753194287,0.9218945367720595,0.9150501051133587,0.9672445498562164,0.9610463119115246,0.9598102315285296,0.9276250497930358,0.9078532693773136,0.9807260151159414,0.9385697132107382,0.969397387780916,0.9278088079151504,0.9783216166961348,0.9749268784186991,0.955427384311501,0.8924010518485257,0.9746748744670248,0.9610143720359513,0.9774521906865489,0.9023031582354514,0.9620137272190283,0.9518340782640271,0.9535060299439625,0.9707715058853476,0.8636165179869709,0.9295356983878883,0.9816585538332312,0.9271142715499087,0.9517248389738157,1.0,0.9478830384432265,0.9530247021160809,0.9647667966368427,0.9375524232567347,0.9713863260152774,0.9498650243713647,0.9362867753804506,0.8539909070531663,0.9677566422989027,0.9377218450694018,0.9571804842793501,0.9628823282733725,0.9399078078854634,0.9418269295831438,0.9612108908214237,0.9376422756708405,0.9370772178724952,0.9459239916840565,0.985165697070351,0.9658112602681855,0.8860384823862246
okx/QTUM-USDT-SWAP,0.9733265287404457,0.9450014379690753,0.9728731759314002,0.900754268628376,0.9521973601958749,0.9643959464845604,0.964287416282124,0.9773259797115091,0.9750822417028067,0.9502112827594527,0.9721802885493362,0.9660347057261802,0.9567922022628009,0.9543704872506795,0.9646176347247329,0.9713734005694558,0.9277352033459151,0.9256565752934041,0.973479737803086,0.9505363393639191,0.9088004945135301,0.9801652865842071,0.9412702586941805,0.9828350126771888,0.9611635208567954,0.9414989084343636,0.9795879478852297,0.9447134172905497,0.9640922062721784,0.8785644327643025,0.9753422826066144,0.9594530173498148,0.9331466032890126,0.9598564352762254,0.9641311005279605,0.940407382288224,0.9705815124934419,0.881416943820861,0.9708260020377688,0.9499054489577734,0.9682136327243576,0.9704734046839913,0.8766443461839922,0.9773780208911697,0.958726534470408,0.9635330105728128,0.9902843305688231,0.9478830384432265,1.0,0.9792620849363047,0.9466797012841394,0.9290592090795997,0.9634920403034736,0.9679284867387864,0.959893562334807,0.9330853859629584,0.9391746829714773,0.9587267354529132,0.9208888566212189,0.9793363504109519,0.9682417708218927,0.9237771292534935,0.944516174765805,0.9442348534367914,0.9635537060609382,0.9272200981184957,0.9624441476202124,0.9843205930645997,0.9514321085517067
okx/REN-USDT-SWAP,0.9842340856275561,0.9359865901899024,0.972315635210531,0.8547817246457842,0.9724291526157156,0.9715307565788429,0.9662532158296355,0.9839223186549104,0.9722720208838995,0.957227041116636,0.98185669781953,0.9584230958460953,0.9575016241623642,0.9670482337997736,0.9641354134860247,0.9742388442220933,0.9433424712677203,0.9236309726464338,0.9709212491718223,0.956478034391744,0.9156838142219345,0.9857257612352832,0.9244645143105953,0.9852065733545615,0.9705047337442602,0.9023461589605895,0.9827368624253675,0.9512308943923692,0.9695828781256969,0.8862975645879154,0.9677590923280625,0.9648998037462094,0.9222752220893072,0.9589108410744628,0.9766883258333229,0.9547788798047341,0.9782146132358346,0.8555580880445587,0.9806716496901686,0.9559789749243676,0.9719449199077066,0.9697981681473159,0.8399270862530783,0.9529480715223095,0.9740549451264816,0.9748194188918845,0.9832780657393297,0.9530247021160809,0.9792620849363047,1.0,0.9642907439731354,0.9457505678860164,0.9762036364464669,0.9755280833376543,0.9586643936877237,0.9042805294970796,0.9474747632564055,0.9529205179261057,0.9415890393585451,0.9866963365632301,0.9799173037954003,0.935998303900575,0.9583197943189364,0.9283688931194303,0.9700914515307953,0.9327774152712537,0.9698792184774563,0.9897179522051712,0.9301611155419972
okx/RSR-USDT-SWAP,0.9757743844126452,0.8974210322988421,0.952674618417217,0.8004042276689326,0.9807876555985376,0.9759329116420182,0.910015602734298,0.978896210315065,0.9661508824816271,0.9276113983503953,0.9689460568369348,0.918515951357268,0.9596674374917189,0.9341226512125527,0.9513012311864351,0.9334260100048809,0.9423416521646076,0.9284919817365369,0.9222868911326443,0.9153862041442338,0.8831498188005027,0.959065281927308,0.9176170491311116,0.9616253382021387,0.9409874086208987,0.8493892450446631,0.9762815853215961,0.9657436984866011,0.9688113731850768,0.9462596313339889,0.9502423057900659,0.9537715588631721,0.9560586800974887,0.902459116227769,0.9675534802848914,0.9445427820082003,0.9740820961064789,0.8535015835389518,0.9577599954047836,0.9712595830069728,0.9461871303832754,0.9467145814622122,0.8036891562805101,0.9016329665651264,0.9719346071574491,0.9427372462503983,0.9421364384009138,0.9647667966368427,0.9466797012841394,0.9642907439731354,1.0,0.9499127004050625,0.9697338462983939,0.9460233771905295,0.9397790379459258,0.8434257653228695,0.9744115737704444,0.9470627675715738,0.9514107587931335,0.9608375915325352,0.9360030886341167,0.9567966323158834,0.9485651080848253,0.9110088671301925,0.9452845596695271,0.9066423722206359,0.9764358757404178,0.9751164560787734,0.8767341813507421
okx/RVN-USDT-SWAP,0.9598906812839297,0.9277960555187985,0.9537509625359964,0.7914981514350273,0.9680811308064264,0.9404970117235433,0.9257871043289718,0.9459466726154643,0.9524508083490321,0.9239951070669362,0.9606012807570218,0.9144789872357355,0.9354815353435612,0.9522839684826018,0.9426844726342458,0.9318039175936125,0.9652897646549596,0.88858545362539,0.9272224362466164,0.9326023801254693,0.8812003574920771,0.9572514992461997,0.8935470916642788,0.9356230055463891,0.9574382172754287,0.8458349466000096,0.9497660120037177,0.9409385992587326,0.9341236138375654,0.8663052537895831,0.9364678604936838,0.9636120583319308,0.9069312188797031,0.9125596551605347,0.9641915293168974,0.9585911544868918,0.9555428147082394,0.8663203949270497,0.9572016192042776,0.9212690594359716,0.9442524776984398,0.9500755905976592,0.7761693168157523,0.9038996581120897,0.9570090281566406,0.9470401465663068,0.9364544530198123,0.9375524232567347,0.9290592090795997,0.9457505678860164,0.9499127004050625,1.0,0.9600745483776293,0.9496920086650252,0.8887601520986809,0.8711973978581627,0.9249185313158973,0.9223856442478884,0.958212335377928,0.9557845780922106,0.9340768754412699,0.9533913464571488,0.9433953141130044,0.8933774273917764,0.9547413290147716,0.9524456410883932,0.941645480334884,0.949129353333414,0.8783297109591833
okx/SAND-USDT-SWAP,0.98776031088609,0.937090485728664,0.981299486793118,0.8434368361607708,0.9858169124172032,0.96949773178398,0.9666328093705673,0.9865946081386991,0.980582107862027,0.9484034677883302,0.9915163732342485,0.9656227733040194,0.9670349227259953,0.9752856300241833,0.9643665693680098,0.9784914281460423,0.9709405354571091,0.9170861657238409,0.956898373864276,0.9459585494475974,0.9164030721836043,0.9873810041622519,0.9368183246820949,0.9777536306184946,0.9608593424742138,0.8898458450906312,0.979390854204896,0.9579496579062159,0.9809226882797187,0.9071348843558595,0.9700785528672635,0.9761583379961776,0.9318330005538524,0.9433677529788543,0.9937815533781571,0.977537149729611,0.9848896694822254,0.8761504572424009,0.9856617095569622,0.9537271887279936,0.986715147859133,0.9749230203747025,0.8527791840311828,0.9400432830576341,0.9906426250410997,0.9703784605825014,0.9708519378742908,0.9713863260152774,0.9634920403034736,0.9762036364464669,0.9697338462983939,0.9600745483776293,1.0,0.9753199902303373,0.9437559819850746,0.8881570898428335,0.9662466017692539,0.9584412078773178,0.9681162678650895,0.9848390609948185,0.9652272396196809,0.9453437980238459,0.9723305815007821,0.9372082397451804,0.9813215537236756,0.95371788034135,0.983007865172677,0.9831332067204548,0.9114166867411538
okx/SHIB-USDT-SWAP,0.9746481890452688,0.9347138191894265,0.9695388673202061,0.8432414977659339,0.9632560867890009,0.9578749301564029,0.9724482337439694,0.97215250477471,0.9645851922636466,0.961488441178005,0.9736145669885315,0.9548878831086094,0.9497617500156488,0.9602084627038253,0.956782158718344,0.975531054286072,0.9428194925240226,0.9127624819439253,0.9627139644997563,0.9635073568269559,0.9360373904486223,0.9788150603889009,0.9360975739500255,0.9764055150053377,0.9751023807939784,0.9051145470733554,0.9734122834690802,0.9383764044140962,0.9710293082578224,0.8675440097355914,0.9642814307202243,0.9631751373513286,0.9058438668829586,0.9481003021404749,0.9729523637201295,0.9664775402103913,0.966761527516927,0.8596753343525075,0.9756146085931282,0.9369835604864839,0.9802471819050061,0.9743741411339417,0.8304365417864994,0.9549670933431313,0.9706199010691363,0.9695586815585104,0.9796814704410793,0.9498650243713647,0.9679284867387864,0.9755280833376543,0.9460233771905295,0.9496920086650252,0.9753199902303373,1.0,0.9604102213248241,0.9030447176371674,0.9382345184053705,0.937254780594617,0.939309507829899,0.9837029089960145,0.9648318223974005,0.9332913887910056,0.9681536835860701,0.918583300025323,0.9717425656843622,0.941270394767625,0.9598750229367576,0.9718990791310504,0.9237501040878021
okx/SLP-USDT-SWAP,0.9463323334678156,0.8746119950838447,0.9305283956601714,0.8502198861427122,0.9332118881235018,0.9508004704096759,0.9354768912116209,0.9695262293202983,0.9412795972637391,0.9352269847648557,0.937939678257708,0.9342746541891662,0.9328333875063817,0.9089209710744953,0.9316739253235372,0.9511519460025979,0.8788741214834446,0.9193574286764471,0.9287256682720144,0.9114824350930458,0.8902903560989317,0.9467588478566737,0.9273137504027161,0.9728942527875983,0.92767475090973,0.9024875037530582,0.9649116097234675,0.9151360134116912,0.9728935846206637,0.8886244961092706,0.9468154407792063,0.9239551904751647,0.9054165991581016,0.9062087297029602,0.9388789871280171,0.9081850486693834,0.9409308588845681,0.8263889784154718,0.9428784737505375,0.9398323169457714,0.9520309881623901,0.9377017979623902,0.8392497380813947,0.9336218646356668,0.9434667601367092,0.9240644983640104,0.9569794528172979,0.9362867753804506,0.959893562334807,0.9586643936877237,0.9397790379459258,0.8887601520986809,0.9437559819850746,0.9604102213248241,1.0,0.8492601321182066,0.9421197206469363,0.9147836473797603,0.8882502447563779,0.9557806086102516,0.9423562372334608,0.8909148634248348,0.9299592571093294,0.908439153298349,0.933207617364946,0.871523568894533,0.9562862054279943,0.9611394720910169,0.8922896012040702
okx/SNX-USDT-SWAP,0.8919770200150042,0.9426152700460081,0.9201618583784357,0.8762170098132198,0.8592590732138373,0.8788138281615889,0.9224066604832496,0.8778366222080856,0.9055810303297588,0.8771341377939466,0.9109947901883844,0.9005395537796124,0.8880838168451128,0.9076435960515408,0.9038161892557303,0.915628286273117,0.8707489137182229,0.8296394946315669,0.937475901059283,0.8874249115892627,0.8535427187417122,0.9149521966075972,0.8778047698849644,0.8978262776983056,0.9034235451520516,0.8995453257932299,0.8899959321185622,0.8784446895475884,0.8578580935012879,0.7429722617548278,0.9043865226524803,0.8933075615149124,0.8485098970130903,0.9388811721994994,0.8934509899181149,0.875043039081606,0.8942714750904441,0.8586461910832424,0.9024349767093056,0.8414231638733467,0.8996629875176051,0.9122841054273864,0.8496211063262856,0.9322290847732697,0.8734920930038939,0.9064760002038831,0.9331220956797716,0.8539909070531663,0.9330853859629584,0.9042805294970796,0.8434257653228695,0.8711973978581627,0.8881570898428335,0.9030447176371674,0.8492601321182066,1.0,0.8276606227015819,0.9170933333369232,0.8522095966980858,0.9209216355914271,0.896832589586178,0.8588603402286733,0.8718217291700702,0.8948374611231975,0.9067130635835428,0.896636832778723,0.8637232647181854,0.9011529081351942,0.9479070543827142
okx/STARL-USDT-SWAP,0.9564534507358872,0.8889086897492495,0.9321918570647713,0.8385187124676996,0.9642094158782694,0.971624202616518,0.909568165343822,0.9762953557755991,0.9594236687907342,0.9251205990203364,0.9538012252109442,0.9252923350445695,0.9485647752514578,0.9189611429486432,0.9467113343059759,0.927723799869876,0.93403509275191,0.933352020648589,0.8976486963563589,0.8935978428815935,0.8912224613768371,0.9465973785178724,0.9430844138548079,0.9534958287155102,0.9143300760339367,0.8796234189029485,0.9734968222499579,0.9429973372666483,0.9774305292305575,0.9593846094685549,0.9569289421940252,0.93569563222526,0.9637870316219119,0.869999878308215,0.9617505432493298,0.937547586726022,0.9589160827586909,0.8725958866528958,0.9493947468188392,0.9707969564855011,0.9405103358682522,0.9430639218759616,0.8414547231089696,0.9014062571118896,0.962125538500225,0.9114919689697046,0.9315859730616837,0.9677566422989027,0.9391746829714773,0.9474747632564055,0.9744115737704444,0.9249185313158973,0.9662466017692539,0.9382345184053705,0.9421197206469363,0.8276606227015819,1.0,0.9393971749704979,0.9469739526599147,0.9467751371897214,0.9229599100994512,0.9431844306558221,0.9420004687109875,0.9093775227493969,0.9227052566878832,0.9022554917979282,0.9841259959207349,0.9638678394925463,0.8617715351478478
okx/STORJ-USDT-SWAP,0.9575243265904024,0.946512491238626,0.9605175145306025,0.8800172727614621,0.9480425198405651,0.9448339662819171,0.940517088930303,0.957387823881391,0.9670334149571703,0.9164271776270431,0.9703574329699972,0.9425914156823642,0.9695048775930797,0.9473899809628827,0.9522890483413076,0.9488902760982972,0.9314513525624786,0.882085013726562,0.9508871691045974,0.9029163009872507,0.8785817315788601,0.9583837990861208,0.9237888929292403,0.953479361563001,0.9225297143332933,0.8862966708064183,0.9547342173946063,0.9472141686945821,0.9418516451704291,0.8880977743411015,0.9495190287040146,0.9435401220393439,0.9341919885693594,0.9295125805995662,0.9607779931055087,0.9287885697265724,0.9603895532399426,0.9213696001357813,0.9596453052063586,0.9332059210941069,0.945534117453917,0.948373532192623,0.8868757273301997,0.9314622372742645,0.9504325756277656,0.9365227135970596,0.9543251858385948,0.9377218450694018,0.9587267354529132,0.9529205179261057,0.9470627675715738,0.9223856442478884,0.9584412078773178,0.937254780594617,0.9147836473797603,0.9170933333369232,0.9393971749704979,1.0,0.9357132049753046,0.9624676212840847,0.9421454835841252,0.9248737386563253,0.9218811755915257,0.9330706478596386,0.9449241286510444,0.9269029660174358,0.9570646899937044,0.9668967091948565,0.9427705619943789
okx/SUSHI-USDT-SWAP,0.9580720725159306,0.94402566613935,0.9471438161364728,0.8259167068049862,0.9729616279322479,0.9551252733395752,0.9285368816086197,0.9529478476637415,0.9562942419072401,0.9387925019402712,0.9594441734863823,0.9302959526588025,0.9321650021584557,0.9612569971783254,0.9514799718509144,0.9285975122778469,0.9786058768762826,0.9060814258098041,0.9063593346317178,0.923260158819384,0.914537881405958,0.9582416838163488,0.9267054340015796,0.9381166821210565,0.9254843929816648,0.8613704513238061,0.9562049653373477,0.933788505086133,0.9472792728639631,0.8989034316114662,0.9506591565956113,0.9564713385491569,0.9334897797210302,0.8924459826335618,0.9770534922951742,0.9647579004584652,0.9655373656306074,0.8966743265463426,0.9569908284706085,0.937854032188548,0.9327104655385469,0.9578565579653439,0.8134183325333122,0.901297078728702,0.9650127446661969,0.9268370005776653,0.9287372755777332,0.9571804842793501,0.9208888566212189,0.9415890393585451,0.9514107587931335,0.958212335377928,0.9681162678650895,0.939309507829899,0.8882502447563779,0.8522095966980858,0.9469739526599147,0.9357132049753046,1.0,0.9595102227892179,0.9251398640278177,0.9613825546094364,0.939330387762421,0.9072810890989842,0.9352829412082568,0.9530216730780575,0.957434738639875,0.9469380967862052,0.8777910497019313
okx/THETA-USDT-SWAP,0.9843119174118887,0.9561170279922205,0.9853548021638373,0.871236095692188,0.9744101687966825,0.9703817881843477,0.978686568321914,0.9822917990474666,0.9799505427564269,0.970034636887104,0.9862873640672092,0.9690138860396429,0.9636517708608288,0.9785606114576452,0.9688466711666056,0.9825442302405092,0.9559118192573192,0.9229533573920315,0.9736641385257442,0.9637580132843508,0.9317009916821655,0.9914142174125535,0.9459997749785006,0.9840458357752964,0.9698985339889634,0.911067109576245,0.9830496065045576,0.9528262117662714,0.971817588893748,0.8777225174653283,0.9760795645237806,0.9776807519697605,0.9254977735920232,0.9635353434304346,0.9873897896819743,0.9736962923262164,0.9818466508304013,0.8904378419929464,0.9834807387368693,0.9452215303565888,0.9824466360386923,0.9850778494966042,0.8545346709967531,0.9658594605365136,0.9810514577311672,0.9755184723109082,0.9879770810338794,0.9628823282733725,0.9793363504109519,0.9866963365632301,0.9608375915325352,0.9557845780922106,0.9848390609948185,0.9837029089960145,0.9557806086102516,0.9209216355914271,0.9467751371897214,0.9624676212840847,0.9595102227892179,1.0,0.9763268767659316,0.9436917676195282,0.9670605715495694,0.9384657341086912,0.9780066890047111,0.9548362315677046,0.9721902366834684,0.9844786183316713,0.9401028683664469
okx/UMA-USDT-SWAP,0.9699790684382796,0.9226661713436888,0.9677470525107744,0.8583807990937082,0.9577026777379535,0.9462300494997087,0.96951035082401,0.9707270807126771,0.9569804441233795,0.9462182088590091,0.9728559319222191,0.9641267825389938,0.9493890805417325,0.9661015490102277,0.9480157620089875,0.9752414174866625,0.9277896052773416,0.902669372838556,0.9682858707949564,0.9503140663442111,0.8994792354711826,0.9815762104607195,0.9114316440862523,0.9731028205640185,0.9575523078450842,0.9022792379905772,0.9675375949849987,0.9261375914488749,0.9571315560061149,0.8580098134936842,0.9591928936595294,0.9645248592735334,0.8956492124444587,0.9516407003613823,0.9684281402159244,0.9480458481388166,0.9653974909386163,0.8630878239032365,0.9712536757998408,0.9287004258092775,0.9717462442595475,0.9613025785470531,0.8470865063382004,0.9547019175819473,0.9641462317811691,0.9660029172916397,0.9790779249218309,0.9399078078854634,0.9682417708218927,0.9799173037954003,0.9360030886341167,0.9340768754412699,0.9652272396196809,0.9648318223974005,0.9423562372334608,0.896832589586178,0.9229599100994512,0.9421454835841252,0.9251398640278177,0.9763268767659316,1.0,0.9095186071567009,0.9502403246924324,0.9237119622418655,0.9670728921685106,0.9334600069049694,0.9572273750477746,0.976553150136287,0.922343553228721
okx/UNI-USDT-SWAP,0.9447025621154207,0.9179175281672592,0.9257451231879895,0.8040441486705491,0.9536721076176743,0.9537822187175604,0.8951642724271942,0.9448598409441251,0.939796805960519,0.9252671815822919,0.943324226734693,0.8829721539715876,0.9251104001610659,0.920792956521808,0.9482031101938097,0.8956330373974303,0.9537967868463969,0.9108318064082227,0.8878159446883541,0.9087898397858931,0.8907044285080647,0.9365026213885245,0.9207994439049269,0.9229936031127641,0.9192700558562348,0.8541106624545696,0.9516303647870422,0.9575661265426052,0.9342999621786848,0.902235198394407,0.9342888875930985,0.9427521787946596,0.9433592146283083,0.8653541537522393,0.9496761392043233,0.9381647646242813,0.9468507982247041,0.8721474223325041,0.9309951978268325,0.9384274522232856,0.914220076384504,0.9354925649243223,0.778439607420587,0.8874366285246778,0.9388982877146457,0.9086072941249685,0.9169295491869348,0.9418269295831438,0.9237771292534935,0.935998303900575,0.9567966323158834,0.9533913464571488,0.9453437980238459,0.9332913887910056,0.8909148634248348,0.8588603402286733,0.9431844306558221,0.9248737386563253,0.9613825546094364,0.9436917676195282,0.9095186071567009,1.0,0.9377106293150421,0.889660381131626,0.912830164799926,0.9254410364982568,0.9505401226844873,0.9417285303354858,0.8499150139277128
okx/XCH-USDT-SWAP,0.9635469979682488,0.897968385667647,0.9577020793498386,0.8143713438201486,0.960042636303084,0.9561147482136962,0.9480439727441582,0.9648008627519203,0.9473715839539878,0.9478619590524918,0.9666564196400648,0.933194088377472,0.9333261201346784,0.9477993318262704,0.9407879348251622,0.9497291574368576,0.9515213857636531,0.9271472328909788,0.9269116290281348,0.9489397708365975,0.9101975118969446,0.9671635054747478,0.9384534312437254,0.9529459594493285,0.9489864346603593,0.8819811966657279,0.9668623176790225,0.9399060359332969,0.9611907139075491,0.8836477825330257,0.9609099356047412,0.9667468547465067,0.9209121812492491,0.9145757548438067,0.96889751218071,0.9676974317901695,0.9597378965979102,0.8425192504551089,0.9524565898608455,0.9360151605203825,0.9713607582125221,0.9613554490160546,0.7955428811018336,0.9362558662455351,0.9658385352958715,0.9472644225304199,0.9601267576201717,0.9612108908214237,0.944516174765805,0.9583197943189364,0.9485651080848253,0.9433953141130044,0.9723305815007821,0.9681536835860701,0.9299592571093294,0.8718217291700702,0.9420004687109875,0.9218811755915257,0.939330387762421,0.9670605715495694,0.9502403246924324,0.9377106293150421,1.0,0.8953945113830909,0.9513234353385678,0.9391870072619003,0.9641792710323409,0.9549107605038982,0.8776218235167186
okx/XLM-USDT-SWAP,0.927181229767624,0.9224891032077938,0.9385542811040606,0.9135853701781839,0.922222256201907,0.9326358283399797,0.9300563214550897,0.9419974619156504,0.9409769342325845,0.8944436025518229,0.9386611078806115,0.9529034185975033,0.9251481132366661,0.9390067769127582,0.9670881515193912,0.9417089674086986,0.9075529159012489,0.8987308579291079,0.9208042374053406,0.8676143088374187,0.8749185894719407,0.9472266222087243,0.9178399738421734,0.9383758718402241,0.8901731323716717,0.9212525522240279,0.9427971658795302,0.8941364505943117,0.9313581472763178,0.8634782110908357,0.9473524245987538,0.9339953448854599,0.9013199592859629,0.9097194046514046,0.9435397269006554,0.9025954029541741,0.9443877296488853,0.9021122122939178,0.9466367691715704,0.9054466457660182,0.9275313105528671,0.9332262843961601,0.9348397957769733,0.9210113660323558,0.9399778960180014,0.9015277739046701,0.9398294371317042,0.9376422756708405,0.9442348534367914,0.9283688931194303,0.9110088671301925,0.8933774273917764,0.9372082397451804,0.918583300025323,0.908439153298349,0.8948374611231975,0.9093775227493969,0.9330706478596386,0.9072810890989842,0.9384657341086912,0.9237119622418655,0.889660381131626,0.8953945113830909,1.0,0.9242389727418273,0.9129729549345437,0.9434213101944493,0.9459620131985084,0.9132482473374061
okx/XTZ-USDT-SWAP,0.9825107103654178,0.9350407629978295,0.9838026879074276,0.8202124396004307,0.9692180066412541,0.9404894482109047,0.9690654733739807,0.9662369820381372,0.9706173636057336,0.9349188788827788,0.9842075792917846,0.9621938377487952,0.9641516852992499,0.970881942199273,0.9428930637786734,0.984259978227989,0.9464333189313845,0.8762067169225172,0.9806837937509328,0.9517367973096775,0.8999974995560461,0.9831155094653162,0.8992951977780071,0.9713326920448844,0.973807704329982,0.8707842829564957,0.9589234326914378,0.9422224264039345,0.9539203259650958,0.853236901348004,0.9453981840175065,0.9676394631142773,0.8858543663120817,0.9712103230437301,0.9771116795560599,0.962539842081512,0.9689470366472044,0.851807138531015,0.9789919382661811,0.9208031970264412,0.986655461391425,0.9647231878894207,0.8369814569949741,0.9441830913514667,0.9748082411406078,0.9878267827262456,0.9741473634714625,0.9370772178724952,0.9635537060609382,0.9700914515307953,0.9452845596695271,0.9547413290147716,0.9813215537236756,0.9717425656843622,0.933207617364946,0.9067130635835428,0.9227052566878832,0.9449241286510444,0.9352829412082568,0.9780066890047111,0.9670728921685106,0.912830164799926,0.9513234353385678,0.9242389727418273,1.0,0.942449560919494,0.9501077022013441,0.9733862572734874,0.9288100799048228
okx/YFI-USDT-SWAP,0.943233173626032,0.946933791560486,0.9542571446796417,0.8470454350169399,0.942221128811635,0.9248827451233307,0.9604275884543179,0.9308729174421653,0.950116186367744,0.9339432861052467,0.9508956322387883,0.9476740899764338,0.9170354160678358,0.9696481192273693,0.9440047056959882,0.9425955765026182,0.9679046361578437,0.88475274130247,0.9253273708973178,0.9301041934507376,0.9106300647382842,0.957159876738839,0.9229052598183132,0.9268998210969859,0.9362021519456819,0.8922003976760383,0.9404422122628529,0.908658477566097,0.9190759380675868,0.8375809506724641,0.950783033127588,0.9612778599320818,0.8906493004781272,0.9110031228380772,0.9641323932799342,0.9635360531115991,0.9466852584843414,0.9115067685188478,0.9523227486798022,0.8866844570940985,0.9431159960552974,0.9598261799678766,0.8371614303674384,0.9329062648906032,0.9516522760042027,0.9320376387070062,0.9444114948166474,0.9459239916840565,0.9272200981184957,0.9327774152712537,0.9066423722206359,0.9524456410883932,0.95371788034135,0.941270394767625,0.871523568894533,0.896636832778723,0.9022554917979282,0.9269029660174358,0.9530216730780575,0.9548362315677046,0.9334600069049694,0.9254410364982568,0.9391870072619003,0.9129729549345437,0.942449560919494,1.0,0.9340964868588295,0.9343472263388316,0.9030822180374853
okx/YGG-USDT-SWAP,0.9725136532298624,0.9132314746384769,0.9589905826132169,0.8704719046981595,0.9762127439519588,0.9798606688012965,0.9455181967490851,0.9902804668220754,0.971575287331488,0.9470651374491317,0.9739646204715213,0.9565661685017627,0.9593288382548271,0.9522592738874067,0.9682389583921902,0.9578786304626475,0.9502520901197147,0.9467815022325887,0.930509946680672,0.9205261326534981,0.9045544447016198,0.9740874204673153,0.9574732743663178,0.9725223307113852,0.9337171385015487,0.9058111331084845,0.9881752584242007,0.9554899931504501,0.9861502721006036,0.9383602248680833,0.9770743797615626,0.9705156976751808,0.9587180506737764,0.906313807108846,0.9822663209332118,0.9568162030120156,0.9784673757165525,0.8952386195630098,0.9722969733286568,0.966253913988327,0.9675246062910681,0.9653787677706569,0.8735343930279778,0.93453299747571,0.9823554888742,0.9366316620549366,0.9614678079672397,0.985165697070351,0.9624441476202124,0.9698792184774563,0.9764358757404178,0.941645480334884,0.983007865172677,0.9598750229367576,0.9562862054279943,0.8637232647181854,0.9841259959207349,0.9570646899937044,0.957434738639875,0.9721902366834684,0.9572273750477746,0.9505401226844873,0.9641792710323409,0.9434213101944493,0.9501077022013441,0.9340964868588295,1.0,0.9816809208532632,0.8920355701877897
okx/ZEN-USDT-SWAP,0.9907087757690807,0.9369754344475734,0.9776564393951706,0.8666222447838031,0.9813837695045665,0.9770046576650122,0.9619053150370792,0.9920273790635226,0.9839188182415421,0.952194441253083,0.987935171892282,0.9682275677862576,0.9742104802417667,0.9685768953591315,0.9728273622954213,0.9762301948869341,0.9473208695561711,0.9271979684902993,0.9706721896840298,0.949340471567949,0.9122071700242977,0.9890607762348731,0.9322499156949506,0.9906944429614766,0.9663103852383613,0.9077861686661568,0.9888043105358865,0.9592098553739811,0.9785692840257383,0.9130217605392581,0.9735759819275032,0.9721880887379267,0.9415749056743546,0.9523434662469367,0.981834438558521,0.9558474039306123,0.987816756650118,0.8784845722004604,0.9873170105371301,0.9667809200465778,0.9746673218418299,0.9734728844075342,0.8653652929478278,0.9485451451385128,0.9832694587444025,0.9731447273856237,0.9807028572018122,0.9658112602681855,0.9843205930645997,0.9897179522051712,0.9751164560787734,0.949129353333414,0.9831332067204548,0.9718990791310504,0.9611394720910169,0.9011529081351942,0.9638678394925463,0.9668967091948565,0.9469380967862052,0.9844786183316713,0.976553150136287,0.9417285303354858,0.9549107605038982,0.9459620131985084,0.9733862572734874,0.9343472263388316,0.9816809208532632,1.0,0.9333756213025656
okx/ZRX-USDT-SWAP,0.9273800478800016,0.9478714696834886,0.9428679012253638,0.8745052074102002,0.9005391970511042,0.9102623500611162,0.9400569466353728,0.9104354561579647,0.9410330535160607,0.9017358098506122,0.9311255877578097,0.9468275607388991,0.9230524652238444,0.935642722083245,0.928888870884091,0.9454953139276467,0.8892368320138245,0.8552904887490028,0.9627455191138696,0.9035546353542104,0.8878782433964088,0.9410041841838557,0.8850279986008917,0.9378805619700565,0.9239284890891444,0.9127659075506219,0.922122544679444,0.8820844566782984,0.8946305679076763,0.7967567822679227,0.9253177800862052,0.9130712436806162,0.8695566013106156,0.9555239989491618,0.9156659489228007,0.8893054328448547,0.9320110570975798,0.8785709183480489,0.9367810978499334,0.8839175426484123,0.9160381402305182,0.9371190833913315,0.8640594707078192,0.9386521925131909,0.9130985127185665,0.9309581211105317,0.9543529262892364,0.8860384823862246,0.9514321085517067,0.9301611155419972,0.8767341813507421,0.8783297109591833,0.9114166867411538,0.9237501040878021,0.8922896012040702,0.9479070543827142,0.8617715351478478,0.9427705619943789,0.8777910497019313,0.9401028683664469,0.922343553228721,0.8499150139277128,0.8776218235167186,0.9132482473374061,0.9288100799048228,0.9030822180374853,0.8920355701877897,0.9333756213025656,1.0
